{"nospace2-title":"Ƞǿǿŧ ḗḗƞǿǿŭŭɠħ şƥȧȧƈḗḗ ǿǿƞ ḿḗḗḿǿǿřẏ ƈȧȧřḓ","nospace2-text":"Ŧřẏ ƒřḗḗḗḗīīƞɠ ŭŭƥ şƥȧȧƈḗḗ ƀẏ ḓḗḗŀḗḗŧīīƞɠ ḿḗḗḓīīȧȧ.","error-saving-title":"Ƥīīƈŧŭŭřḗḗ ƞǿǿŧ şȧȧṽḗḗḓ","error-saving-text":"Ȧȧƞ ḗḗřřǿǿř ƥřḗḗṽḗḗƞŧḗḗḓ Ƈȧȧḿḗḗřȧȧ ƒřǿǿḿ şȧȧṽīīƞɠ ŧħḗḗ ƥīīƈŧŭŭřḗḗ.","error-recording-title":"Ṽīīḓḗḗǿǿ ƞǿǿŧ řḗḗƈǿǿřḓḗḗḓ","error-recording-text":"Ȧȧƞ ḗḗřřǿǿř ƥřḗḗṽḗḗƞŧḗḗḓ Ƈȧȧḿḗḗřȧȧ ƒřǿǿḿ řḗḗƈǿǿřḓīīƞɠ ŧħḗḗ ṽīīḓḗḗǿǿ.","nocard2-title":"Ƞǿǿ ḿḗḗḿǿǿřẏ ƈȧȧřḓ ƒǿǿŭŭƞḓ","nocard3-text":"Īīƞşḗḗřŧ ȧȧ ḿḗḗḿǿǿřẏ ƈȧȧřḓ ŧǿǿ ŧȧȧķḗḗ ƥīīƈŧŭŭřḗḗş.","pluggedin2-title":"Ƈȧȧḿḗḗřȧȧ ƈȧȧƞ ƞǿǿŧ ƀḗḗ ŭŭşḗḗḓ ẇħīīŀḗḗ ƥħǿǿƞḗḗ īīş ƥŀŭŭɠɠḗḗḓ īīƞ","pluggedin2-text":"Ŭŭƞƥŀŭŭɠ ŧħḗḗ ƥħǿǿƞḗḗ ŧǿǿ ƈȧȧƥŧŭŭřḗḗ ƥħǿǿŧǿǿş ȧȧƞḓ ṽīīḓḗḗǿǿş","storage-size-limit-reached":"Ẏǿǿŭŭ ħȧȧṽḗḗ řŭŭƞ ǿǿŭŭŧ ǿǿƒ ḿḗḗḓīīȧȧ şŧǿǿřȧȧɠḗḗ şƥȧȧƈḗḗ.","activity-size-limit-reached":"Ẏǿǿŭŭ ħȧȧṽḗḗ řḗḗȧȧƈħḗḗḓ ŧħḗḗ ḿȧȧẋīīḿŭŭḿ ƒīīŀḗḗ şīīẑḗḗ ƒǿǿř ŧħīīş ȧȧŧŧȧȧƈħḿḗḗƞŧ.","retake-button":"Řḗḗŧȧȧķḗḗ","select-button":"Şḗḗŀḗḗƈŧ","close-button":"Ƈŀǿǿşḗḗ","delete-photo?":"Ḓḗḗŀḗḗŧḗḗ ƥħǿǿŧǿǿ?","delete-video?":"Ḓḗḗŀḗḗŧḗḗ ṽīīḓḗḗǿǿ?","cancel":"Ƈȧȧƞƈḗḗŀ","delete":"Ḓḗḗŀḗḗŧḗḗ","mp":"ḾƤ","camera-resolution":"Ƈȧȧḿḗḗřȧȧ Řḗḗşǿǿŀŭŭŧīīǿǿƞ","camera-resolution-header":"{{camera-resolution}}","video-resolution":"Ṽīīḓḗḗǿǿ Řḗḗşǿǿŀŭŭŧīīǿǿƞ","video-resolution-header":"{{video-resolution}}","scene-mode":"Şƈḗḗƞḗḗ Ḿǿǿḓḗḗ","scene-mode-header":"{{scene-mode}}","self-timer":"Şḗḗŀƒ-Ŧīīḿḗḗř","self-timer-header":"{{self-timer}}","self-timer-off":"Ǿǿƒƒ","self-timer-2-seconds":"2 şḗḗƈǿǿƞḓş","self-timer-5-seconds":"5 şḗḗƈǿǿƞḓş","self-timer-10-seconds":"10 şḗḗƈǿǿƞḓş","battery-shutdown-title":"Ŀǿǿẇ Ɓȧȧŧŧḗḗřẏ","battery-shutdown-text":"Ŧħḗḗ ƀȧȧŧŧḗḗřẏ īīş ŧǿǿǿǿ ŀǿǿẇ ŧǿǿ ŭŭşḗḗ ŧħḗḗ ƈȧȧḿḗḗřȧȧ.","battery-critical-text":"Ƈřīīŧīīƈȧȧŀŀẏ ŀǿǿẇ ƀȧȧŧŧḗḗřẏ","battery-verylow-text":"10% ƀȧȧŧŧḗḗřẏ řḗḗḿȧȧīīƞīīƞɠ","battery-low-text":"15% ƀȧȧŧŧḗḗřẏ řḗḗḿȧȧīīƞīīƞɠ","hdr":"ĦḒŘ","hdr-header":"{{hdr}}","hdr-on":"Ǿǿƞ","hdr-off":"Ǿǿƒƒ","hdr-deactivated":"(ĦḒŘ ḓḗḗȧȧƈŧīīṽȧȧŧḗḗḓ)","grid":"Ɠřīīḓ Ŀīīƞḗḗş","grid-header":"{{grid}}","grid-on":"Ǿǿƞ","grid-off":"Ǿǿƒƒ","flash":"Ƒŀȧȧşħ","flash-on":"Ǿǿƞ","flash-off":"Ǿǿƒƒ","flash-auto":"Ȧȧŭŭŧǿǿ","flash-deactivated":"(Ƒŀȧȧşħ ḓḗḗȧȧƈŧīīṽȧȧŧḗḗḓ)","options":"Ǿǿƥŧīīǿǿƞş","open-gallery":"Ǿǿƥḗḗƞ Ɠȧȧŀŀḗḗřẏ","preview":"Ƥřḗḗṽīīḗḗẇ","weekday-0-long":"Şŭŭƞḓȧȧẏ","weekday-1-long":"Ḿǿǿƞḓȧȧẏ","weekday-2-long":"Ŧŭŭḗḗşḓȧȧẏ","weekday-3-long":"Ẇḗḗḓƞḗḗşḓȧȧẏ","weekday-4-long":"Ŧħŭŭřşḓȧȧẏ","weekday-5-long":"Ƒřīīḓȧȧẏ","weekday-6-long":"Şȧȧŧŭŭřḓȧȧẏ","weekday-0-short":"Şŭŭƞ","weekday-1-short":"Ḿǿǿƞ","weekday-2-short":"Ŧŭŭḗḗ","weekday-3-short":"Ẇḗḗḓ","weekday-4-short":"Ŧħŭŭ","weekday-5-short":"Ƒřīī","weekday-6-short":"Şȧȧŧ","month-0-long":"Ĵȧȧƞŭŭȧȧřẏ","month-1-long":"Ƒḗḗƀřŭŭȧȧřẏ","month-2-long":"Ḿȧȧřƈħ","month-3-long":"Ȧȧƥřīīŀ","month-4-long":"Ḿȧȧẏ","month-5-long":"Ĵŭŭƞḗḗ","month-6-long":"Ĵŭŭŀẏ","month-7-long":"Ȧȧŭŭɠŭŭşŧ","month-8-long":"Şḗḗƥŧḗḗḿƀḗḗř","month-9-long":"Ǿǿƈŧǿǿƀḗḗř","month-10-long":"Ƞǿǿṽḗḗḿƀḗḗř","month-11-long":"Ḓḗḗƈḗḗḿƀḗḗř","month-0-genitive":"Ĵȧȧƞŭŭȧȧřẏ","month-1-genitive":"Ƒḗḗƀřŭŭȧȧřẏ","month-2-genitive":"Ḿȧȧřƈħ","month-3-genitive":"Ȧȧƥřīīŀ","month-4-genitive":"Ḿȧȧẏ","month-5-genitive":"Ĵŭŭƞḗḗ","month-6-genitive":"Ĵŭŭŀẏ","month-7-genitive":"Ȧȧŭŭɠŭŭşŧ","month-8-genitive":"Şḗḗƥŧḗḗḿƀḗḗř","month-9-genitive":"Ǿǿƈŧǿǿƀḗḗř","month-10-genitive":"Ƞǿǿṽḗḗḿƀḗḗř","month-11-genitive":"Ḓḗḗƈḗḗḿƀḗḗř","month-0-short":"Ĵȧȧƞ","month-1-short":"Ƒḗḗƀ","month-2-short":"Ḿȧȧř","month-3-short":"Ȧȧƥř","month-4-short":"Ḿȧȧẏ","month-5-short":"Ĵŭŭƞ","month-6-short":"Ĵŭŭŀ","month-7-short":"Ȧȧŭŭɠ","month-8-short":"Şḗḗƥ","month-9-short":"Ǿǿƈŧ","month-10-short":"Ƞǿǿṽ","month-11-short":"Ḓḗḗƈ","minutes-ago-long":{"_":{"zero":"ĵŭŭşŧ ƞǿǿẇ","one":"ȧȧ ḿīīƞŭŭŧḗḗ ȧȧɠǿǿ","two":"{{value}} ḿīīƞŭŭŧḗḗş ȧȧɠǿǿ","few":"{{value}} ḿīīƞŭŭŧḗḗş ȧȧɠǿǿ","many":"{{value}} ḿīīƞŭŭŧḗḗş ȧȧɠǿǿ","other":"{{value}} ḿīīƞŭŭŧḗḗş ȧȧɠǿǿ"}},"hours-ago-long":{"_":{"zero":"ĵŭŭşŧ ƞǿǿẇ","one":"ȧȧƞ ħǿǿŭŭř ȧȧɠǿǿ","two":"{{value}} ħǿǿŭŭřş ȧȧɠǿǿ","few":"{{value}} ħǿǿŭŭřş ȧȧɠǿǿ","many":"{{value}} ħǿǿŭŭřş ȧȧɠǿǿ","other":"{{value}} ħǿǿŭŭřş ȧȧɠǿǿ"}},"days-ago-long":{"_":{"zero":"ŧǿǿḓȧȧẏ","one":"ẏḗḗşŧḗḗřḓȧȧẏ","two":"{{value}} ḓȧȧẏş ȧȧɠǿǿ","few":"{{value}} ḓȧȧẏş ȧȧɠǿǿ","many":"{{value}} ḓȧȧẏş ȧȧɠǿǿ","other":"{{value}} ḓȧȧẏş ȧȧɠǿǿ"}},"weeks-ago-long":{"_":{"zero":"ŧħīīş ẇḗḗḗḗķ","one":"ŀȧȧşŧ ẇḗḗḗḗķ","two":"{{value}} ẇḗḗḗḗķş ȧȧɠǿǿ","few":"{{value}} ẇḗḗḗḗķş ȧȧɠǿǿ","many":"{{value}} ẇḗḗḗḗķş ȧȧɠǿǿ","other":"{{value}} ẇḗḗḗḗķş ȧȧɠǿǿ"}},"months-ago-long":{"_":{"zero":"ŧħīīş ḿǿǿƞŧħ","one":"ŀȧȧşŧ ḿǿǿƞŧħ","two":"{{value}} ḿǿǿƞŧħş ȧȧɠǿǿ","few":"{{value}} ḿǿǿƞŧħş ȧȧɠǿǿ","many":"{{value}} ḿǿǿƞŧħş ȧȧɠǿǿ","other":"{{value}} ḿǿǿƞŧħş ȧȧɠǿǿ"}},"years-ago-long":{"_":{"zero":"ŧħīīş ẏḗḗȧȧř","one":"ŀȧȧşŧ ẏḗḗȧȧř","two":"{{value}} ẏḗḗȧȧřş ȧȧɠǿǿ","few":"{{value}} ẏḗḗȧȧřş ȧȧɠǿǿ","many":"{{value}} ẏḗḗȧȧřş ȧȧɠǿǿ","other":"{{value}} ẏḗḗȧȧřş ȧȧɠǿǿ"}},"minutes-until-long":{"_":{"zero":"ƞǿǿẇ","one":"īīƞ ȧȧ ḿīīƞŭŭŧḗḗ","two":"īīƞ {{value}} ḿīīƞŭŭŧḗḗş","few":"īīƞ {{value}} ḿīīƞŭŭŧḗḗş","many":"īīƞ {{value}} ḿīīƞŭŭŧḗḗş","other":"īīƞ {{value}} ḿīīƞŭŭŧḗḗş"}},"hours-until-long":{"_":{"zero":"ƞǿǿẇ","one":"īīƞ ȧȧƞ ħǿǿŭŭř","two":"īīƞ {{value}} ħǿǿŭŭřş","few":"īīƞ {{value}} ħǿǿŭŭřş","many":"īīƞ {{value}} ħǿǿŭŭřş","other":"īīƞ {{value}} ħǿǿŭŭřş"}},"days-until-long":{"_":{"zero":"ŧǿǿḓȧȧẏ","one":"ŧǿǿḿǿǿřřǿǿẇ","two":"īīƞ {{value}} ḓȧȧẏş","few":"īīƞ {{value}} ḓȧȧẏş","many":"īīƞ {{value}} ḓȧȧẏş","other":"īīƞ {{value}} ḓȧȧẏş"}},"weeks-until-long":{"_":{"zero":"ŧħīīş ẇḗḗḗḗķ","one":"ƞḗḗẋŧ ẇḗḗḗḗķ","two":"īīƞ {{value}} ẇḗḗḗḗķş","few":"īīƞ {{value}} ẇḗḗḗḗķş","many":"īīƞ {{value}} ẇḗḗḗḗķş","other":"īīƞ {{value}} ẇḗḗḗḗķş"}},"months-until-long":{"_":{"zero":"ŧħīīş ḿǿǿƞŧħ","one":"ƞḗḗẋŧ ḿǿǿƞŧħ","two":"īīƞ {{value}} ḿǿǿƞŧħş","few":"īīƞ {{value}} ḿǿǿƞŧħş","many":"īīƞ {{value}} ḿǿǿƞŧħş","other":"īīƞ {{value}} ḿǿǿƞŧħş"}},"years-until-long":{"_":{"zero":"ŧħīīş ẏḗḗȧȧř","one":"ƞḗḗẋŧ ẏḗḗȧȧř","two":"īīƞ {{value}} ẏḗḗȧȧřş","few":"īīƞ {{value}} ẏḗḗȧȧřş","many":"īīƞ {{value}} ẏḗḗȧȧřş","other":"īīƞ {{value}} ẏḗḗȧȧřş"}},"minutes-ago-short":{"_":{"zero":"ĵŭŭşŧ ƞǿǿẇ","other":"{{value}}ḿ ȧȧɠǿǿ"}},"hours-ago-short":{"_":{"zero":"ĵŭŭşŧ ƞǿǿẇ","other":"{{value}}ħ ȧȧɠǿǿ"}},"days-ago-short":{"_":{"zero":"ŧǿǿḓȧȧẏ","other":"{{value}}ḓ ȧȧɠǿǿ"}},"minutes-until-short":{"_":{"zero":"ƞǿǿẇ","other":"īīƞ {{value}}ḿ"}},"hours-until-short":{"_":{"zero":"ƞǿǿẇ","other":"īīƞ {{value}}ħ"}},"days-until-short":{"_":{"zero":"ŧǿǿḓȧȧẏ","other":"īīƞ {{value}}ḓ"}},"incorrectDate":"(īīƞƈǿǿřřḗḗƈŧ ḓȧȧŧḗḗ)","dateTimeFormat_%c":"%a %b %e %Y %I:%M:%S %p","dateTimeFormat_%x":"%m/%d/%Y","dateTimeFormat_%X":"%I:%M:%S %p","shortTimeFormat":"%I:%M %p","shortDateTimeFormat":"%x %I:%M %p","weekStartsOnMonday":"0","time_am":"ȦȧḾ","time_pm":"ƤḾ"}