{"setup-app-name-header":"郵件","setup-empty-account-prompt":"您還沒有設定好傳送或接收電子郵件的方式。想要現在設定嗎？","setup-pick-service":"您需要設定好帳號才能收發電子郵件。","setup-account-header3":"新增帳號","setup-info-name":{"placeholder":"您的姓名"},"setup-info-email":{"placeholder":"someone@example.com"},"setup-info-password":{"placeholder":"密碼"},"setup-info-next":"下一步","setup-progress-wait-msg":"請稍待您的帳號設定完成","setup-completed-header":"郵件帳號設定","setup-completed-label":"已完成！","setup-add-another-account":"新增其他帳號","setup-show-mail":"繼續到郵件程式","setup-error-offline":"此裝置目前已離線，請連線到網路再試一次。","setup-error-bad-user-or-pass2":"無效的使用者名稱或密碼，請檢查有沒有打錯。","setup-error-bad-address":"無效的電子郵件地址，請檢查是否輸入錯誤。","setup-error-not-authorized":"伺服器回應您未被授權建立帳號","setup-error-pop-server-not-great":"伺服器不支援。該 POP3 伺服器並未實作必需的功能。","setup-error-unknown2":"發生未知錯誤，請檢查您的網路連線或嘗試手動設定。","setup-error-needs-app-pass":"您必須為啟用兩步驟驗證的 Gmail 帳號使用應用程式專用密碼","setup-error-imap-disabled":"您必須啟用您 Gmail 帳號的 IMAP 服務。","setup-error-pop3-disabled":"您必須開啟您 Gmail 帳號的 POP3 存取功能","setup-error-bad-security":"無法與「{{server}}」建立安全連線。您的網路或該伺服器可能有問題。","setup-error-unresponsive-server":"無法與「{{server}}」建立連線，您的網路可能有問題。","setup-error-server-problem":"「{{server}}」有點問題，請稍後再試試看。","setup-error-no-config-info":"無法自動設定您的帳號，請修正您的電子郵件地址，或嘗試手動設定。","setup-error-server-maintenance":"「{{server}}」伺服器離線維護中，請稍後再試一次。","setup-error-account-already-exists":"此帳號已經設定完成。","setup-manual-config2":"手動設定","setup-manual-config-header":"手動設定","setup-manual-account-type":"帳號類型","setup-manual-imap-header":"IMAP 選項","setup-manual-pop3-header":"POP3 選項","setup-manual-smtp-header":"SMTP 選項","setup-manual-activesync-header":"ActiveSync 選項","setup-manual-next":"下一步","setup-manual-socket":"Socket 類型","setup-manual-socket-ssl":"SSL","setup-manual-socket-starttls":"STARTTLS","setup-manual-hostname":{"placeholder":"主機名稱"},"setup-manual-port":{"placeholder":"Port 號碼"},"setup-manual-username":{"placeholder":"使用者名稱"},"setup-manual-activesync-username":{"placeholder":"Domain\\Username"},"setup-bad-password-header":"密碼錯誤！","setup-bad-password":"我們無法登入至伺服器。也許您的密碼錯了？","setup-new-password":{"placeholder":"新密碼"},"setup-fix-password":"輸入新密碼並重試","setup-gmail-twofactor-header":"已啟用雙因素驗證","setup-gmail-twofactor-message":"您必須在下面輸入應用程式密碼。","setup-gmail-twofactor-fix":"使用者應用程式密碼","setup-gmail-imap-header":"IMAP 已停用","setup-gmail-imap-message":"您必須啟用您 Gmail 帳號的 IMAP 服務","setup-gmail-imap-retry":"重試","setup-gmail-pop3-header":"已停用 POP3","setup-gmail-pop3-message":"您必須開啟您 Gmail 帳號的 POP3 存取功能","setup-gmail-pop3-retry":"重試","settings-main-header":"郵件設定","settings-sub-header-account":"帳號","settings-account-name":"您的姓名","settings-account-display-notifications":"收到新訊息時顯示通知","settings-sub-header-data":"數據","settings-account-check-mail":"檢查新訊息","settings-sub-header-server":"伺服器設定","settings-account-userpass":"帳號與密碼","settings-done":"完成","settings-account-section":"帳號","settings-account-add":"新增帳號","settings-account-delete":"刪除帳號","settings-account-delete-prompt":"您確定要刪除您的 {{account}} 信箱帳號嗎？如果這樣做的話，當您重新建立這個帳號時必須重新下載郵件。","settings-account-delete-cancel":"取消","settings-account-delete-confirm":"刪除","settings-account-clarify-imap":"{{account-name}} (IMAP)","settings-account-clarify-pop3":"{{account-name}} (POP3)","settings-account-clarify-smtp":"{{account-name}} (SMTP)","settings-general-section":"一般設定","settings-show-images":"總是顯示圖片","settings-download-attachments":"下載附件","settings-check-every-5min":"每 5 分鐘","settings-check-every-10min":"每 10 分鐘","settings-check-every-15min":"每 15 分鐘","settings-check-every-30min":"每 30 分鐘","settings-check-every-60min":"每小時","settings-check-every-manual":"手動","settings-check-dynamic":{"_index":["plural","n"],"_":{"zero":"秒","one":"{{ n }} 秒","two":"{{ n }} 秒","few":"{{ n }} 秒","many":"{{ n }} 秒","other":"{{ n }} 秒"}},"settings-default-account":"設為預設帳號","settings-account-type":"帳號類型","settings-account-credentials":"憑證","settings-activesync-label":"ActiveSync 選項","settings-imap-label":"IMAP 選項","settings-pop3-label":"POP3 選項","settings-smtp-label":"SMTP 選項","settings-hostname":"主機名稱","settings-port":"埠","settings-username":"使用者名稱","settings-password":"密碼","settings-save":"儲存","settings-password-empty":"密碼欄位不應該空白","settings-account-synchronize-window":"要同步的天數","settings-synchronize-auto":"自動","settings-synchronize-one-day":"1 天","settings-synchronize-three-days":"3 天","settings-synchronize-one-week":"1 週","settings-synchronize-two-weeks":"2 週","settings-synchronize-one-month":"1 個月","settings-synchronize-all":"所有訊息","envelope-from":"寄件者","envelope-to":"收件者","envelope-cc":"副本","envelope-bcc":"密件副本","reader-header":"讀取","compose-header":"撰寫訊息","compose-header-short":"撰寫","compose-send":"傳送","compose-to":"到","compose-cc":"副本","compose-bcc":"密件副本","compose-attachments":{"_index":["plural","n"],"_":{"zero":"附件","one":"{{ n }} 個附件","two":"{{ n }} 個附件","few":"{{ n }} 個附件","many":"{{ n }} 個附件","other":"{{ n }} 個附件"}},"compose-attachment-still-working":"One moment, still working on the previous attachment...","compose-subject":"主旨","compose-draft-save":"儲存為本機草稿","compose-discard-message":"捨棄電子郵件？","compose-discard-confirm":"捨棄","compose-sending-message":"正在寄出電子郵件","compose-send-message-failed":"郵件寄送失敗","composer-attachment-large":"附件太大","composer-attachments-large":"附件太大","compose-attchment-size-exceeded":"所選的附件太大，無法與此訊息一起傳送。","compose-attchments-size-exceeded":"預設媒體位置","dialog-button-ok":"確定","default-attachment-filename":"附件 {{n}}","attachment-size-kib":"{{kilobytes}}K","message-attachment-view":{"textContent":"檢視"},"message-attachment-too-large":"This file is too large to download.","message-no-subject":"(無主旨)","message-edit-menu-delete":"刪除","message-edit-delete-confirm":"刪除電子郵件訊息？","message-send-attachment-disabled-confirm":"無法轉寄附件。","message-multiedit-header":{"_index":["plural","n"],"_":{"zero":"編輯","one":"已選擇 {{ n }} 封","two":"已選擇 {{ n }} 封","few":"已選擇 {{ n }} 封","many":"已選擇 {{ n }} 封","other":"已選擇 {{ n }} 封"}},"browse-to-url-prompt":"瀏覽網址：{{ url }} ？","message-download-images":{"_index":["plural","n"],"_":{"one":"此郵件包含 1 張圖片。點一下以下載。","two":"此郵件包含 {{ n }} 張圖片。點一下以下載。","few":"此郵件包含 {{ n }} 張圖片。點一下以下載。","many":"此郵件包含 {{ n }} 張圖片。點一下以下載。","other":"此郵件包含 {{ n }} 張圖片。點一下以下載。"}},"message-show-external-images":"顯示外部圖片","message-multiedit-cancel":"取消","message-multiedit-delete-confirm":{"_index":["plural","n"],"_":{"one":"刪除此電子郵件訊息？","two":"刪除 {{ n }} 封電子郵件訊息？","few":"刪除 {{ n }} 封電子郵件訊息？","many":"刪除 {{ n }} 封電子郵件訊息？","other":"刪除 {{ n }} 封電子郵件訊息？"}},"message-large-message-cancel":"取消","message-large-message-ok":"繼續","message-large-message-confirm":"這封訊息比較大，可能需要一點時間下載。","message-search-from":"從","message-search-to":"到","message-search-subject":"主旨","message-search-body":"內文","message-search-all":"全部","message-search-input":{"placeholder":"搜尋郵件"},"message-search-cancel":"Cancel","messages-syncing":"正在載入訊息","messages-sync-more":"從伺服器載入更多訊息","messages-folder-empty":"此資料夾中沒有郵件","messages-search-empty":"無法在本機快取訊息中找到","messages-folder-select":"選擇資料夾","message-contact-menu-create":"儲存為新聯絡人","message-contact-menu-add-existing":"新增到現有聯絡人資料","message-contact-menu-view":"檢視聯絡人","message-contact-menu-reply":"回覆","message-contact-menu-new":"傳送新郵件","message-reply-menu-reply":"回覆","message-reply-menu-reply-all":"回覆全部","message-reply-menu-forward":"轉寄","message-reply-menu-cancel":"取消","reply-quoting-wrote":"{name} 提道","forward-original-message":"原始訊息","forward-header-subject":"主旨","forward-header-date":"日期","forward-header-from":"寄件者","forward-header-reply-to":"回函位址","forward-header-to":"收件者","forward-header-cc":"副本","folder-inbox":"收件匣","folder-sent":"寄件備份","folder-drafts":"草稿","folder-trash":"垃圾桶","folder-queue":"未寄出","folder-junk":"垃圾郵件","folder-archives":"備存","folder-localdrafts":"本機草稿","drawer-back":"Back","drawer-accounts-header":"Accounts","drawer-settings-link":"Settings","folder-last-synced-label":"Last sync:","toaster-undo":"復原","toaster-retry":"重試","toaster-message-star":{"_index":["plural","n"],"_":{"one":"已為一封訊息加上標示","two":"已為 {{ n }} 封訊息加上標示","few":"已為 {{ n }} 封訊息加上標示","many":"已為 {{ n }} 封訊息加上標示","other":"已為 {{ n }} 封訊息加上標示"}},"toaster-message-unstar":{"_index":["plural","n"],"_":{"one":"已為一封訊息移除標示","two":"已為 {{ n }} 封訊息移除標示","few":"已為 {{ n }} 封訊息移除標示","many":"已為 {{ n }} 封訊息移除標示","other":"已為 {{ n }} 封訊息移除標示"}},"toaster-message-read":{"_index":["plural","n"],"_":{"one":"已將一封訊息標為已讀","two":"已將 {{ n }} 封訊息標為已讀","few":"已將 {{ n }} 封訊息標為已讀","many":"已將 {{ n }} 封訊息標為已讀","other":"已將 {{ n }} 封訊息標為已讀"}},"toaster-message-unread":{"_index":["plural","n"],"_":{"one":"已將一封訊息標為未讀","two":"已將 {{ n }} 封訊息標為未讀","few":"已將 {{ n }} 封訊息標為未讀","many":"已將 {{ n }} 封訊息標為未讀","other":"已將 {{ n }} 封訊息標為未讀"}},"toaster-message-move":{"_index":["plural","n"],"_":{"one":"已移動一封訊息","two":"已移動 {{ n }} 封訊息","few":"已移動 {{ n }} 封訊息","many":"已移動 {{ n }} 封訊息","other":"已移動 {{ n }} 封訊息"}},"toaster-message-delete":{"_index":["plural","n"],"_":{"one":"已刪除一封訊息","two":"已刪除 {{ n }} 封訊息","few":"已刪除 {{ n }} 封訊息","many":"已刪除 {{ n }} 封訊息","other":"已刪除 {{ n }} 封訊息"}},"toaster-retryable-syncfailed":"無法連接伺服器","form-clear-input":"移除文字","confirm-dialog-title":"確認","senders-separation-sign":", ","new-emails":{"_index":["plural","n"],"_":{"one":"1 封新郵件","two":"{{ n }} 封新郵件","few":"{{ n }} 封新郵件","many":"{{ n }} 封新郵件","other":"{{ n }} 封新郵件"}},"new-emails-notify-one-account":{"_index":["plural","n"],"_":{"one":"1 封新郵件","two":"{{ n }} 封新郵件","few":"{{ n }} 封新郵件","many":"{{ n }} 封新郵件","other":"{{ n }} 封新郵件"}},"new-emails-notify-multiple-accounts":{"_index":["plural","n"],"_":{"one":"1 封新郵件 ({{ accountName }})","two":"{{ n }} 封新郵件 ({{ accountName }})","few":"{{ n }} 封新郵件 ({{ accountName }})","many":"{{ n }} 封新郵件 ({{ accountName }})","other":"{{ n }} 封新郵件 ({{ accountName }})"}},"new-emails-notify-multiple-accounts-body":"{{ from }} “{{ subject }}”","weekday-0-long":"星期日","weekday-1-long":"星期一","weekday-2-long":"星期二","weekday-3-long":"星期三","weekday-4-long":"星期四","weekday-5-long":"星期五","weekday-6-long":"星期六","weekday-0-short":"週日","weekday-1-short":"週一","weekday-2-short":"週二","weekday-3-short":"週三","weekday-4-short":"週四","weekday-5-short":"週五","weekday-6-short":"週六","month-0-long":"一月","month-1-long":"二月","month-2-long":"三月","month-3-long":"四月","month-4-long":"五月","month-5-long":"六月","month-6-long":"七月","month-7-long":"八月","month-8-long":"九月","month-9-long":"十月","month-10-long":"十一月","month-11-long":"十二月","month-0-genitive":"1 月","month-1-genitive":"2 月","month-2-genitive":"3 月","month-3-genitive":"4 月","month-4-genitive":"5 月","month-5-genitive":"6 月","month-6-genitive":"7 月","month-7-genitive":"8 月","month-8-genitive":"9 月","month-9-genitive":"10 月","month-10-genitive":"11 月","month-11-genitive":"12 月","month-0-short":"1 月","month-1-short":"2 月","month-2-short":"3 月","month-3-short":"4 月","month-4-short":"5 月","month-5-short":"6 月","month-6-short":"7 月","month-7-short":"8 月","month-8-short":"9 月","month-9-short":"10 月","month-10-short":"11 月","month-11-short":"12 月","minutes-ago-long":{"_index":["plural","value"],"_":{"zero":"剛剛","one":"1 分鐘前","two":"{{value}} 分鐘前","few":"{{value}} 分鐘前","many":"{{value}} 分鐘前","other":"{{value}} 分鐘前"}},"hours-ago-long":{"_index":["plural","value"],"_":{"zero":"剛剛","one":"1 小時前","two":"{{value}} 小時前","few":"{{value}} 小時前","many":"{{value}} 小時前","other":"{{value}} 小時前"}},"days-ago-long":{"_index":["plural","value"],"_":{"zero":"今天","one":"昨天","two":"{{value}} 天前","few":"{{value}} 天前","many":"{{value}} 天前","other":"{{value}} 天前"}},"weeks-ago-long":{"_index":["plural","value"],"_":{"zero":"本週","one":"上週","two":"{{value}} 週前","few":"{{value}} 週前","many":"{{value}} 週前","other":"{{value}} 週前"}},"months-ago-long":{"_index":["plural","value"],"_":{"zero":"本月","one":"上月","two":"{{value}} 月前","few":"{{value}} 月前","many":"{{value}} 月前","other":"{{value}} 月前"}},"years-ago-long":{"_index":["plural","value"],"_":{"zero":"今年","one":"去年","two":"{{value}} 年前","few":"{{value}} 年前","many":"{{value}} 年前","other":"{{value}} 年前"}},"minutes-until-long":{"_index":["plural","value"],"_":{"zero":"現在","one":"1 分鐘內","two":"{{value}} 分鐘內","few":"{{value}} 分鐘內","many":"{{value}} 分鐘內","other":"{{value}} 分鐘內"}},"hours-until-long":{"_index":["plural","value"],"_":{"zero":"現在","one":"1 小時內","two":"{{value}} 小時前","few":"{{value}} 小時前","many":"{{value}} 小時前","other":"{{value}} 小時前"}},"days-until-long":{"_index":["plural","value"],"_":{"zero":"今天","one":"明天","two":"{{value}} 天內","few":"{{value}} 天內","many":"{{value}} 天內","other":"{{value}} 天內"}},"weeks-until-long":{"_index":["plural","value"],"_":{"zero":"本週","one":"下週","two":"{{value}} 週內","few":"{{value}} 週內","many":"{{value}} 週內","other":"{{value}} 週內"}},"months-until-long":{"_index":["plural","value"],"_":{"zero":"本月","one":"下月","two":"{{value}} 月內","few":"{{value}} 月內","many":"{{value}} 月內","other":"{{value}} 月內"}},"years-until-long":{"_index":["plural","value"],"_":{"zero":"今年","one":"明年","two":"{{value}} 年內","few":"{{value}} 年內","many":"{{value}} 年內","other":"{{value}} 年內"}},"minutes-ago-short":{"_index":["plural","value"],"_":{"zero":"剛剛","other":"{{value}} 分前"}},"hours-ago-short":{"_index":["plural","value"],"_":{"zero":"剛剛","other":"{{value}} 時前"}},"days-ago-short":{"_index":["plural","value"],"_":{"zero":"今天","other":"{{value}} 天前"}},"minutes-until-short":{"_index":["plural","value"],"_":{"zero":"現在","other":"{{value}} 分內"}},"hours-until-short":{"_index":["plural","value"],"_":{"zero":"現在","other":"{{value}} 時內"}},"days-until-short":{"_index":["plural","value"],"_":{"zero":"今天","other":"{{value}} 天內"}},"incorrectDate":"（日期不正確）","dateTimeFormat_%c":"%Y年%b%d日 %a %p %I:%M:%S","dateTimeFormat_%x":"%Y/%m/%d","dateTimeFormat_%X":"%p %I:%M:%S","shortTimeFormat":"%p %I:%M","shortDateTimeFormat":"%x %p %I:%M","weekStartsOnMonday":"1","time_am":"上午","time_pm":"下午"}