{"addNewNumber":"Add new number","addToExistingContact":"新增到現有聯絡人資料","all":"全部","asterisk":{"ariaLabel":"Asterisk"},"callLog":"通話紀錄","callLogEdit":{"title":"Edit call log"},"callLogEditDialog":{"ariaLabel":"Edit call log dialog"},"connecting":"撥號中","cancel":"取消","cf-async":"非同步: {{ async }}\\n","cf-data":"資料：{{ data }}\\n","cf-error":"取得通話轉接狀態時發生錯誤","cf-fax":"傳真: {{ fax }}\\n","cf-inactive":"停用","cf-packet":"封包: {{ packet }}\\n","cf-pad":"PAD: {{ pad }}\\n","cf-sms":"簡訊：{{ sms }}\\n","cf-status":"通話轉接狀態\\n","cf-sync":"同步: {{ sync }}\\n","cf-voice":"語音：{{ voice }}\\n","close":"Close","confirm-deletion":"清除所選的來電？","contacts":{"ariaLabel":"Contacts"},"createNewContact":"建立新聯絡人","delete":"刪除","deselectAll":"全部不選","dialerAddContact":{"ariaLabel":"Add contact"},"dialerAddContactDialog":{"ariaLabel":"Add Contact Dialog"},"edit-selected":{"_index":["plural","n"],"_":{"one":"已選擇 {{ n }} 筆","two":"已選擇 {{ n }} 筆","few":"已選擇 {{ n }} 筆","many":"已選擇 {{ n }} 筆","other":"已選擇 {{ n }} 筆"}},"edit":"編輯","hashSign":{"ariaLabel":"Hash sign"},"hideKeypad":{"ariaLabel":"Hide keypad"},"ignore":"忽略通話","incoming":"來電","keypad":{"ariaLabel":"Keypad"},"keypadDelete":{"ariaLabel":"Delete"},"makeCall":{"ariaLabel":"Make call"},"merge":"Merge","missed":"未接","missedCall":"未接來電","missedCallMultiSims":"(SIM {{ n }}) 未接來電","mmi-error":"傳送訊息時發生錯誤","mmi-session-expired":"Session 已過期","mmi-successfully-sent":"訊息已成功送出","mute":{"ariaLabel":"Mute"},"newCall":{"ariaLabel":"New call"},"no-logs-msg-1":"未紀錄來電","no-logs-msg-2":"立刻開始通訊","no-logs-msg-3":"無未接來電","phoneNumberInput":{"ariaLabel":"Phone number"},"recents":{"ariaLabel":"Recent calls"},"reply":"回覆","selectAll":"全部選擇","send":"傳送","switch-calls":"切換通話","today":"今天","voiceMailKey":{"ariaLabel":"Voicemail"},"withheld-number":"隱藏發話號碼","from-contact":"來自 {{ contact }}","from-number":"來自 {{ number }}","from-withheld-number":"來電號碼隱藏","yesterday":"昨天","sending":"傳送中…","speakerOption":{"ariaLabel":"Speaker"},"ussd-services":"{{ operator }} 服務","toggleKeypad":{"ariaLabel":"Toggle keypad"},"type-your-response":{"placeholder":"輸入您的回應…"},"clear-all-text":"清除所有文字","hide":"隱藏","call":"撥號","hold":{"ariaLabel":"保留"},"resume":"繼續","sendSms":"寄送郵件","callEnded":"通話已結束","via-sim":"透過 SIM{{ n }}","sim-number":"SIM{{ n }}","hangup-a11y-button":{"aria-label":"掛斷"},"pickup-a11y-button":{"aria-label":"接聽"},"unlock-a11y-button":{"aria-label":"滑塊"},"settings":"設定","delete-n-log?":{"_index":["plural","n"],"_":{"zero":"未選取項目","one":"要刪除所選的紀錄？","two":"要刪除 {{ n }} 筆紀錄？","few":"要刪除 {{ n }} 筆紀錄？","many":"要刪除 {{ n }} 筆紀錄？","other":"要刪除 {{ n }} 筆紀錄？"}},"callDurationMinutes":"{{ m }}:{{ s }}","callDurationHours":"{{ h }}:{{ m }}:{{ s }}","suggestionMatches":{"_index":["plural","n"],"_":{"one":"「{{ matchNumber }}」找到 {{ n }} 筆","two":"「{{ matchNumber }}」找到 {{ n }} 筆","few":"「{{ matchNumber }}」找到 {{ n }} 筆","many":"「{{ matchNumber }}」找到 {{ n }} 筆","other":"「{{ matchNumber }}」找到 {{ n }} 筆"}},"scCallBarring":"通話限制","scCallForwarding":"通話轉接","scClip":"來電號碼","scClir":"去話號碼","scPwd":"修改密碼","scCallWaiting":"來電等待","scPin":"修改 PIN 碼","scPin2":"修改 PIN2 碼","scPuk":"解鎖 PIN 碼","scPuk2":"解鎖 PIN2 碼","scImei":"IMEI","scUssd":"USSD","serviceClassVoice":"語音","serviceClassData":"數據","serviceClassFax":"傳真","serviceClassSms":"簡訊","serviceClassDataSync":"同步","serviceClassDataAsync":"非同步","serviceClassPacket":"封包","serviceClassPad":"PAD","smServiceEnabled":"服務已啟用","smServiceDisabled":"服務已停用","smServiceRegistered":"已成功註冊","smServiceErased":"已成功解除註冊","smServiceInterrogated":"已成功完成請求","smServiceNotProvisioned":"服務未開通","smClirPermanent":"您無法修改通話號碼選項","smClirDefaultOnNextCallOn":"通話號碼預設不顯示。下次通話：不顯示","smClirDefaultOnNextCallOff":"通話號碼預設不顯示。下次通話：顯示","smClirDefaultOffNextCallOn":"通話號碼預設顯示。下次通話：不顯示","smClirDefaultOffNextCallOff":"通話號碼預設顯示。下次通話：顯示","smServiceEnabledFor":"已啟用下列服務:","smPinChanged":"成功更改 PIN 碼","smPinUnblocked":"成功解鎖 PIN 碼","smPin2Changed":"成功更改 PIN2 碼","smPin2Unblocked":"成功解鎖 PIN2 碼","emMmiError":"連線問題或無效的 MMI 碼","emMmiErrorPasswordIncorrect":"密碼不正確","emMmiErrorNotSupported":"無效或未支援的 MMI 碼","emMmiErrorInvalidAction":"無效行為","emMmiErrorInvalidScCode":"服務碼無效","emMmiErrorBadPuk":"您輸入的 PUK 碼不正確","emMmiErrorBadPin":"您輸入的舊 PIN 碼不正確。","emMmiErrorNeedPuk2":"輸入 PUK2 碼以解除封鎖 SIM 卡","emMmiErrorMismatchPin":"您輸入的 PIN 碼不相同","emMmiErrorInvalidPin":"輸入 4 到 8 位數的 PIN 碼","emMmiErrorNeedsPuk":"您的 SIM 卡已被鎖定，需要輸入 PUK 碼","emMmiErrorEnablePin":"未成功，啟用 SIM/RUIM 鎖定","emMmiErrorMmiFdn":"操作被限制為僅能撥打固定號碼","emMmiErrorStkCcUssdDial":"USSD 請求被修改為撥號請求","emMmiErrorStkCcUssdSs":"USSD 請求被修改為 SS 請求","emMmiErrorStkCcUssdUssd":"USSD 請求被修改為新的 USSD 請求","emMmiErrorStkCcSsDial":"SS 請求被修改為撥號請求","emMmiErrorStkCcSsUssd":"SS 請求被修改為 USSD 請求","emMmiErrorStkCcSsSs":"SS 請求被修改為新的 SS 請求","emMmiErrorPinPukAttempts":{"_index":["plural","n"],"_":{"one":"僅剩下 {{ n }} 次重試機會","two":"剩下 {{ n }} 次重試機會","few":"剩下 {{ n }} 次重試機會","many":"剩下 {{ n }} 次重試機會","other":"剩下 {{ n }} 次重試機會"}},"emMmiErrorSimBlocked":"已達最大重試次數，SIM 卡已被封鎖","RadioNotAvailable":"無法使用無線訊號","GenericFailure":"一般失敗","PasswordIncorrect":"密碼不正確","SimPin2":"SIM PIN2","SimPuk2":"SIM PUK2","RequestNotSupported":"請求未支援","OpNotAllowedDuringVoiceCall":"語音通話時不允許進行操作","SmsSendFailRetry":"簡訊傳送失敗重試","SimAbsent":"SIM 卡不存在","SubscriptionNotAvailable":"訂閱無法使用","ModeNotSupported":"模式未支援","FdnCheckFailure":"Fdn 檢查失敗","IllegalSimOrMe":"無效的 SIM 卡或 ME","DialModifiedToUssd":"撥號請求被修改為 USSD 請求","DialModifiedToSs":"撥號請求被修改為 SS 請求","DialModifiedToDial":"撥號請求被修改為新的撥號請求","UssdModifiedToDial":"USSD 請求被修改為撥號請求","UssdModifiedToSs":"USSD 請求被修改為 SS 請求","UssdModifiedToUssd":"USSD 請求被修改為新的 USSD 請求","SsModifiedToDial":"SS 請求被修改為撥號請求","SsModifiedToUssd":"SS 請求被修改為 USSD 請求","SsModifiedToSs":"SS 請求被修改為新的 SS 請求","SubscriptionNotSupported":"訂閱不被支援","InvalidParameter":"參數無效","RejectedByRemote":"被遠端拒絕","group-call":{"_index":["plural","n"],"_":{"one":"群組通話 ({{ n }})","two":"群組通話 ({{ n }})","few":"群組通話 ({{ n }})","many":"群組通話 ({{ n }})","other":"群組通話 ({{ n }})"}},"caller-left-call":"{{ caller }} 已離開通話。","conferenceAddError":"無法合併通話","conferenceRemoveError":"無法取消合併通話","longDateFormat":"%b %e 日 %A","select-audio-sources":"選擇音訊來源","bluetooth-handsfree-device":"藍牙免持裝置","receiver":"接收器","speaker":"擴音","callAirplaneModeMessage":"若要撥打電話，您需要在設定畫面停用飛航模式。","callAirplaneModeBtnOk":"確定","callAirplaneModeTitle":"已啟用飛航模式","numberIsBusyTitle":"號碼忙線中","numberIsBusyMessage":"您所撥的號碼忙線中，請稍候再撥。","fdnIsActiveTitle":"FDN active","fdnIsActiveMessage":"FDN (Fixed Dialing Numbers) is activated and the following number is not in your FDN list: {{ number }}","voiceMail":"語音信箱","emergencyNumber":"緊急號碼","emergencyDialogBodyBadNumber":"手機必須連線到通訊網路才能撥打電話。","emergencyDialogBodyDeviceNotAccepted":"通訊網路不允許撥打緊急電話。","emergencyDialogBtnOk":"確定","emergencyDialogTitle":"無網路連線","invalidNumberToDialTitle":"無效的電話號碼","invalidNumberToDialMessage":"您撥打的電話號碼無效。","unableToCallTitle":"目前無法撥號","unableToCallMessage":"無法撥號，若您正在撥號請先掛斷。","otherConnectionInUseTitle":"其他使用中的連線","otherConnectionInUseMessage":"您還有通話進行中，您同時只能使用一個連線。","weekday-0-long":"星期日","weekday-1-long":"星期一","weekday-2-long":"星期二","weekday-3-long":"星期三","weekday-4-long":"星期四","weekday-5-long":"星期五","weekday-6-long":"星期六","weekday-0-short":"週日","weekday-1-short":"週一","weekday-2-short":"週二","weekday-3-short":"週三","weekday-4-short":"週四","weekday-5-short":"週五","weekday-6-short":"週六","month-0-long":"一月","month-1-long":"二月","month-2-long":"三月","month-3-long":"四月","month-4-long":"五月","month-5-long":"六月","month-6-long":"七月","month-7-long":"八月","month-8-long":"九月","month-9-long":"十月","month-10-long":"十一月","month-11-long":"十二月","month-0-genitive":"1 月","month-1-genitive":"2 月","month-2-genitive":"3 月","month-3-genitive":"4 月","month-4-genitive":"5 月","month-5-genitive":"6 月","month-6-genitive":"7 月","month-7-genitive":"8 月","month-8-genitive":"9 月","month-9-genitive":"10 月","month-10-genitive":"11 月","month-11-genitive":"12 月","month-0-short":"1 月","month-1-short":"2 月","month-2-short":"3 月","month-3-short":"4 月","month-4-short":"5 月","month-5-short":"6 月","month-6-short":"7 月","month-7-short":"8 月","month-8-short":"9 月","month-9-short":"10 月","month-10-short":"11 月","month-11-short":"12 月","minutes-ago-long":{"_index":["plural","value"],"_":{"zero":"剛剛","one":"1 分鐘前","two":"{{value}} 分鐘前","few":"{{value}} 分鐘前","many":"{{value}} 分鐘前","other":"{{value}} 分鐘前"}},"hours-ago-long":{"_index":["plural","value"],"_":{"zero":"剛剛","one":"1 小時前","two":"{{value}} 小時前","few":"{{value}} 小時前","many":"{{value}} 小時前","other":"{{value}} 小時前"}},"days-ago-long":{"_index":["plural","value"],"_":{"zero":"今天","one":"昨天","two":"{{value}} 天前","few":"{{value}} 天前","many":"{{value}} 天前","other":"{{value}} 天前"}},"weeks-ago-long":{"_index":["plural","value"],"_":{"zero":"本週","one":"上週","two":"{{value}} 週前","few":"{{value}} 週前","many":"{{value}} 週前","other":"{{value}} 週前"}},"months-ago-long":{"_index":["plural","value"],"_":{"zero":"本月","one":"上月","two":"{{value}} 月前","few":"{{value}} 月前","many":"{{value}} 月前","other":"{{value}} 月前"}},"years-ago-long":{"_index":["plural","value"],"_":{"zero":"今年","one":"去年","two":"{{value}} 年前","few":"{{value}} 年前","many":"{{value}} 年前","other":"{{value}} 年前"}},"minutes-until-long":{"_index":["plural","value"],"_":{"zero":"現在","one":"1 分鐘內","two":"{{value}} 分鐘內","few":"{{value}} 分鐘內","many":"{{value}} 分鐘內","other":"{{value}} 分鐘內"}},"hours-until-long":{"_index":["plural","value"],"_":{"zero":"現在","one":"1 小時內","two":"{{value}} 小時前","few":"{{value}} 小時前","many":"{{value}} 小時前","other":"{{value}} 小時前"}},"days-until-long":{"_index":["plural","value"],"_":{"zero":"今天","one":"明天","two":"{{value}} 天內","few":"{{value}} 天內","many":"{{value}} 天內","other":"{{value}} 天內"}},"weeks-until-long":{"_index":["plural","value"],"_":{"zero":"本週","one":"下週","two":"{{value}} 週內","few":"{{value}} 週內","many":"{{value}} 週內","other":"{{value}} 週內"}},"months-until-long":{"_index":["plural","value"],"_":{"zero":"本月","one":"下月","two":"{{value}} 月內","few":"{{value}} 月內","many":"{{value}} 月內","other":"{{value}} 月內"}},"years-until-long":{"_index":["plural","value"],"_":{"zero":"今年","one":"明年","two":"{{value}} 年內","few":"{{value}} 年內","many":"{{value}} 年內","other":"{{value}} 年內"}},"minutes-ago-short":{"_index":["plural","value"],"_":{"zero":"剛剛","other":"{{value}} 分前"}},"hours-ago-short":{"_index":["plural","value"],"_":{"zero":"剛剛","other":"{{value}} 時前"}},"days-ago-short":{"_index":["plural","value"],"_":{"zero":"今天","other":"{{value}} 天前"}},"minutes-until-short":{"_index":["plural","value"],"_":{"zero":"現在","other":"{{value}} 分內"}},"hours-until-short":{"_index":["plural","value"],"_":{"zero":"現在","other":"{{value}} 時內"}},"days-until-short":{"_index":["plural","value"],"_":{"zero":"今天","other":"{{value}} 天內"}},"incorrectDate":"（日期不正確）","dateTimeFormat_%c":"%Y年%b%d日 %a %p %I:%M:%S","dateTimeFormat_%x":"%Y/%m/%d","dateTimeFormat_%X":"%p %I:%M:%S","shortTimeFormat":"%p %I:%M","shortDateTimeFormat":"%x %p %I:%M","weekStartsOnMonday":"1","time_am":"上午","time_pm":"下午"}