{"ok":"موافق","back":"العودة","help":"مساعدة","cancel":"إلغاء","close":"إغلاق","skip":"تخطّي","airplaneMode":"وضع الطيران","searching":"جارِ البحث...","noNetwork":"لا يوجد شبكة","roaming":"{{operator}} (تجوال) ","emergencyCallsOnly":"مكالمات الطوارئ فقط","emergencyCallsOnly-unknownSIMState":"(حالة الـ SIM غير معروفة)","emergencyCallsOnly-noSIM":"(لايوجد SIM)","emergencyCallsOnly-pinRequired":"(مطلوب كود PIN)","emergencyCallsOnly-pukRequired":"(مطلوب كود PUK)","emergencyCallsOnly-networkLocked":"(الشبكة مُغلقة)","emergencyCallsOnly-serviceProviderLocked":"(مُغلَق من المزود)","emergencyCallsOnly-corporateLocked":"(مُغلَق من الشركة)","emergencyCallsOnly-network1Locked":"(network1 locked)","emergencyCallsOnly-network2Locked":"(network2 locked)","emergencyCallsOnly-hrpdNetworkLocked":"(hrpd network locked)","emergencyCallsOnly-ruimCorporateLocked":"(ruim corporate locked)","emergencyCallsOnly-ruimServiceProviderLocked":"(ruim service provider locked)","enterPIN":"أدخل كود PIN","mediaPlaybackTitle":{"ariaLabel":"Title"},"mediaPlaybackArtist":{"ariaLabel":"Artist"},"mediaPlaybackControls":{"ariaLabel":"Playback controls"},"mediaPlaybackPrevious":{"ariaLabel":"Previous"},"mediaPlaybackPlay":"Play","mediaPlaybackPause":"Pause","mediaPlaybackNext":{"ariaLabel":"Next"},"wifiButton-on":"Wi-Fi on","wifiButton-on-initializing":"Wi-Fi on, initializing","wifiButton-off":"Wi-Fi off","dataButton-on":"Data {{type}} on","dataButton-off":"Data {{type}} off","bluetoothButton-on":"Bluetooth on","bluetoothButton-on-initializing":"Bluetooth on, initializing","bluetoothButton-off":"Bluetooth off","airplaneMode-on":"Airplane mode on","airplaneMode-off":"Airplane mode off","settingsButton":{"ariaLabel":"Settings"},"utilityTrayGrippy":{"ariaLabel":"Close utility tray"},"statusbarLabel":"{{operator}} ،{{date}}","statusbarDateFormat":"%b %e","statusbar":{"ariaLabel":"Status Bar"},"statusbarBattery":"Battery {{level}} percent","statusbarBatteryCharging":"Battery {{level}} percent, charging","statusbarFlightMode":{"ariaLabel":"Airplane mode on"},"statusbarWiFiConnecting":"Wi-Fi: connecting","statusbarWiFiConnected":"Wi-Fi: {{level}} of 4 bars","statusbarSignal":"{{operator}} network, {{level}} of 5 bars","statusbarSignalRoaming":"{{operator}} network (roaming), {{level}} of 5 bars","statusbarSignalNoneSearching":"Searching… Emergency calls only","statusbarHeadphones":{"ariaLabel":"Headphones on"},"statusbarBluetoothHeadphones":{"ariaLabel":"Bluetooth headphones on"},"statusbarBluetoothTransferring":{"ariaLabel":"Bluetooth transfer active"},"statusbarIconOn-tethering":"Tethering on","statusbarIconOnActive-tethering":"Tethering on, active","statusbarAlarm":{"ariaLabel":"Alarm on"},"statusbarIconOn-bluetooth":"Bluetooth on","statusbarIconOnActive-bluetooth":"Bluetooth on, active","statusbarIconOn-mute":"Mute on","statusbarIconOn-vibration":"Vibration on","statusbarRecording":{"ariaLabel":"Recording on"},"statusbarGeolocation":{"ariaLabel":"Geolocation on"},"statusbarUsb":{"ariaLabel":"USB on"},"statusbarForwarding":"Call forwarding on","statusbarPlaying":{"ariaLabel":"Media playing"},"statusbarNfc":{"ariaLabel":"NFC on"},"statusbarDownloads":{"ariaLabel":"Downloading…"},"statusbarNetworkActivity":{"ariaLabel":"Networking on"},"statusbarEmergencyCBNotification":{"ariaLabel":"Emergency callback"},"statusbarNotifications":{"_index":["plural","n"],"_":{"one":"{{n}} notification","two":"{{n}} notifications","few":"{{n}} notifications","many":"{{n}} notifications","other":"{{n}} notifications"}},"statusbarNotifications-unread":{"_index":["plural","n"],"_":{"one":"{{n}} unread notification","two":"{{n}} unread notifications","few":"{{n}} unread notifications","many":"{{n}} unread notifications","other":"{{n}} unread notifications"}},"notifications":"التنبيهات","clear-all":"إزالة الكل","newVoicemails":{"_index":["plural","n"],"_":{"zero":"لا يوجد بريد صوتي جديد","one":"رسالة صوتية جديدة","two":"{{n}} رسائل صوتية جديدة","few":"{{n}} رسائل صوتية جديدة","many":"{{n}} رسائل صوتية جديدة","other":"{{n}} رسائل صوتية جديدة"}},"newVoicemailsUnknown":"رسالة صوتية جديدة","dialNumber":"إتصال ب  {{number}}","voicemailNotificationMultiSim":"(SIM {{n}}) {{title}}","confirmNFCConnectBTenabledNameUnknown":"Are you sure you want to connect to the device?","confirmNFCConnectBTdisabledNameUnknown":"Turn on Bluetooth and connect to the device?","confirmNFCConnectBTenabledNameKnown":"Are you sure you want to connect to {{deviceName}}?","confirmNFCConnectBTdisabledNameKnown":"Turn on Bluetooth and connect to {{deviceName}}?","confirmNFCConnectBTdisabled":"Turn on","dismissNFCConnectBTdisabled":"Cancel","confirmation":"Confirmation","deviceMenu":"الهاتف","airplane":"تفعيل وضع الطيران","airplaneOff":"تعطيل وضع الطيران","silent":"إسكات المكالمات الواردة","normal":"رنين المكالمات الواردة","restart":"إعادة التشغيل","power":"إيقاف التشغيل","enableScreenReaderSteps":"لتفعيل قارئ الشاشة،إضغط على زر الصوت للأعلى وزر الصوت للأسفل أكثر من ثلاث مرات","disableScreenReaderSteps":"لتعطيل قارئ الشاشة،إضغط على زر الصوت للأعلى وزر الصوت للأسفل أكثر من ثلاث مرات","no-recent-apps":"لا يوجد تطبيقات اخيرة","yes":"نعم","no":"لا","dontallow":"Don’t allow","allow":"سماح","dontshare-geolocation":"لا تُشارك","share-geolocation":"مُشاركة","dontshare-audio-capture":"لا تُشارك","share-audio-capture":"مُشاركة","dontshare-video-capture":"لا تُشارك","share-video-capture":"مُشاركة","dontshare-media-capture":"لا تُشارك","share-media-capture":"مُشاركة","device-front":"الكاميرا الأمامية","device-back":"الكاميرا الخلفية","remember-my-choice":"تذكر إختياري","more-info":"مزيد من المعلومات","hide-info":"Hide info","install-app":"تثبيت {{name}}?","size":"الحجم","author":"المُبرمج","size-unknown":"غير معرف","author-unknown":"غير معرف","install":"تثبيت {{name}} من {{origin}}؟","bytes":"بايت","kB":"كيلوبايت","MB":"ميجا بايت","GB":"جيجا بايت","TB":"تيرا بايت","PB":"بيتا بايت","app-install-generic-error":"توقف تنزيل {{&nbsp;appName }} ","app-install-download-failed":"فشل في تنزيل {{ appName }}","app-install-install-failed":"فشل في تثبيت {{ appName }} ","cancelling-will-not-refund":"الالغاء لن يعيد النقود للمشترى. إعادة النقود للمحتوى المُشترى فقط من خلال البائع الاصلي.","apps-can-be-installed-later":"يمكن تثبيت التطبيقات لاحقا من مصدر التثبيت الاصلي.","are-you-sure-you-want-to-cancel":"هل أنت متأكد من إلغاء التثبيت؟","cancel-install":"إلغاء التثبيت","cancel-install-button":"Cancel Install","resume":"إستئناف","continue":"تابِع","stopDownloading":"إيقاف تنزيل {{ app }}؟","app-download-can-be-restarted":"يمكنك إعادة بدء التنزيل لاحقا.","app-download-stop-button":"إيقاف التنزيل","not-enough-space":"لا توجد مساحة كافية ","not-enough-space-message":"لا توجد مساحة كافية. اخذف التطبيقات القديمة أو الوسائط لتوفير مساحة وحاول التنزيل مرة اخرى من المصدر الرئيسي.","app-install-success":"{{ appName }} تم تثبيته","setup":"الإعداد","ime-addkeyboards":"إضافة لوحة مفاتيح","later":"لاحقاً","download":"تنزيل","wantToDownload":"تنزيل التحديث الآن؟","wantToInstall":"تثبيت التحديث الأن؟","installNow":"التثبيت الآن","notNow":"ليس الآن","downloadingUpdateMessage":{"innerHTML":"جارِ تنزيل التحديثات...<span>{{ progress }} تم تنزيله.</span>"},"downloadingAppMessage":"جاري تنزيل {{ appName }}","downloadingAppProgressNoMax":"تم تنزيل {{ progress }}","downloadingAppProgressIndeterminate":"جاري التنزيل","downloadingAppProgress":"تم تنزيل {{ progress }} / {{ max }} ","cancelAllDownloads":"إلغاء جميع التنزيلات","wantToCancelAll":"هل أنت متأكد من إلغاء جميع التنزيلات؟","downloadError":"حدث خطأ عند تنزيل التحديثات.","updateAvailableInfo":{"innerHTML":{"_index":["plural","n"],"_":{"one":"{{ n }} تحديثات متاحة. <span> اضغط للتحميل.</span>","two":"{{ n }} تحديثات متاحة. <span> اضغط لمزيد من المعلومات.</span>","few":"{{ n }} تحديثات متاحة. <span> اضغط لمزيد من المعلومات.</span>","many":"{{ n }} تحديثات متاحة. <span> اضغط لمزيد من المعلومات.</span>","other":"{{ n }} تحديثات متاحة. <span> اضغط لمزيد من المعلومات.</span>"}}},"numberOfUpdates":{"_index":["plural","n"],"_":{"one":"متوفر {{ n }} تحديث","two":"متوفر {{ n }} تحديثات","few":"متوفر {{ n }} تحديثات","many":"متوفر {{ n }} تحديثات","other":"متوفر {{ n }} تحديثات"}},"systemUpdate":"تحديث النظام","systemUpdateReady":"تحديث النظام جاهز","required":"مطلوب","uncompressingMessage":{"innerHTML":"جارِ فك الضغط… <span>ربما يحتاج لبضعة دقائق.</span>"},"downloadNoWifiWarning":"اللاسلكي غير متاح. التحديث باستخدام هذه الشبكة ربما سيترتب عليه رسوم اضافية.","downloadOfflineWarning":"لا يوجد اتصال. اتصل بشبكة لتنزيل التحديثات.","downloadDataConnectionWarning":"يتم تنزيل التحديثات عبر وصلة البيانات عند عدم توفر وصلة اللاسلكي. قد يتم اضافة رسوم اخرى.","downloadUpdatesViaDataConnection":"تنزيل التحديثات عن طريق وصلة البيانات؟","downloadUpdatesViaDataConnectionMessage":"يتم تنزيل التحديثات عبر وصلة البيانات عند عدم توفر وصلة اللاسلكي. قد يتم اضافة رسوم اخرى. عند استخدام وصلة البيانات، ربما سيتم حجب المكالمات ويتم اضافة رسوم اخرى.","screenshotSaved":"تم حفظ لقطة الشاشة في الأستوديو","screenshotFailed":"لم يتم حفظ لقطة الشاشة","screenshotNoSDCard":"لم يتم العثور على بطاقة ذاكرة","screenshotSDCardInUse":"بطاقة الذاكرة قيد الاستعمال","screenshotSDCardLow":"لا توجد مساحة كافية على بطاقة الذاكرة","emergency-call-button":"مكالمة الطوارئ","emergency-call":"مكالمة الطوارئ","unlock-a11y-button":{"ariaLabel":"فتح القفل"},"camera-a11y-button":{"ariaLabel":"الكاميرا"},"longDateFormat":"%A, %B %e","softwareHomeButton":{"ariaLabel":"الرئيسية"},"login":"تسجيل الدخول","username":"اسم المستخدم","password":"كلمة السِّر","http-authentication-message":"تم طلب اسم مستخدم وكلمة سِّر من قبل {{host}}. الموقع يقول: \"{{realm}}\"","error-message":"لم يتم تحميل التطبيق {{name}} صورة صحيحة","error-title":"يواجه التطبيق {{name}} مشاكل","airplane-is-on":"وضع الطيران مُفعّل","airplane-is-turned-on":"{{name}}  يتطلب اتصال بالشبكة. أوقف وضعية الطيران من الاعدادات واتصل إما بالواي فاي أو بشبكة بيانات الجواّل.","server-not-found":"الخادم غير موجود","server-not-found-error":"لا يتم العثور على الخادم {{name}}","file-not-found":"File not found","file-not-found-error":"The device can’t display this page because the file cannot be found.","connection-failed":"Unable to connect","connection-failed-error":"A network error occurred while trying to reach the site.","invalid-connection":"Unable to connect","invalid-connection-error":"A network error occurred while trying to reach the site.","malformed-uri":"URL not valid","malformed-uri-error":"The URL entered is not valid and cannot be loaded.","redirect-loop":"Can’t display page","redirect-loop-error":"The device can’t display this page because the page is not redirecting properly. Try this page again at a later time.","not-cached":"Page expired","not-cached-error":"As a security precaution, this page cannot be displayed by the device because it has expired.","is-printing-error":"The document cannot change while Printing or in Print Preview.","denied-port-access":"This address is restricted","denied-port-access-error":"This address uses a network port which is normally used for purposes other than Web browsing. The device has cancelled the request for your protection.","proxy-resolve-failure":"Proxy Server Error","proxy-resolve-failure-error":"The device is configured to use a proxy server that can’t be found.","proxy-connect-failure":"Proxy Server Error","proxy-connect-failure-error":"The device is configured to use a proxy server that is refusing connections.","content-encoding":"Can’t display page","content-encoding-error":"The device can’t display this page because a content encoding error occurred.","remote-xul":"Page unsupported","remote-xul-error":"This page can’t be displayed because it uses a technology that is not supported on the device.","phishing-blocked":"Warning","phishing-blocked-error":"The website has been reported as a web forgery designed to trick users into sharing personal or financial information.","malware-blocked":"Malware attack blocked","malware-blocked-error":"The site at has been reported as an attack site and has been blocked.","unsafe-content-type":"Unsafe content","unsafe-content-type-error":"The page cannot be shown because it may not be safe to open.","corrupted-content":"Can’t display page","corrupted-content-error":"The page cannot be shown because an error in the data transmission was detected.","network-connection-unavailable":"لا يوجد اتصال بالشبكة ","network-error":"{{name}} يتطلب اتصال بالشبكة. حاول الاتصال بالواي فاي او شبكة بيانات الجوّال.","network-error-launching":"{{name}} requires an Internet connection.","network-error-in-app":"No access to the Internet right now.","unable-to-connect":"تعذّر الاتصال","try-again":"حاول مرة أخرى","check-settings":"Check settings","tap-to-check-settings":"Tap to check settings","select-time":"حدد وقت","choose-option":"حدد","choose-options":"حدد","select-day":"حدد يوم","battery-almost-empty":"البطارية فارغة تقريبا","add-to-home-screen":"أضف إلى الشاشة الرئيسية","share":"Share","crash-dialog2-os":"{{brandShortName}} تم استرجاعه من الانهيار","crash-dialog-app":"{{name}} توقف عن العمل","crash-dialog-message":"هل ترغب في ارسال تقرير عن الانهيار لموزيلا للمساعدة في حل المشكلة؟ (ترسل التقارير عبر الواي فاي فقط.)","crash-info-link":"ماذا يحتوي تقرير الحادث؟","crash-always-report":"دائما قم بإرسال تقرير لموزيلا عند حدوث انهيار.","crash-dont-send":"لا ترسل","crash-end":"أرسل التقرير","crashReports":"تقارير الانهيارات","done":"تم","crash-reports-description-1":"تقرير الانهيار يحتوي على تفاصيل الانهيار و جوّالك ولمحة عن حالة جوّالك لحظه حدوث الانهيار.","crash-reports-description-2":"ربما يحتوي على الصفحات المفتوحة والتطبيقات، بعض النصوص المطبوعة ومحتوى الرسائل المفتوحة، اخر تأريخ التصفح أو موقعك الجغرافي المستخدم في التطبيق المفتوح.","crash-reports-description-3-start":"نحن نستخدم تقارير الأعطال في محاولة لإصلاح المشاكل وتحسين منتجاتنا. علينا التعامل مع المعلومات الخاصة بك كما هو موضح في ourȀ","crash-reports-description-3-privacy":"سياسة الخصوصية","crash-reports-description-3-end":".","crash-banner-os2":"{{brandShortName}} انهار الآن.","crash-banner-app":"{{name}} توقف عن العمل .","crash-banner-report":"التقرير","bluetooth-sending-progress":"جارِ الإرسال من البلوتوث","bluetooth-receiving-progress":"جارِ الاستلام من البلوتوث..","acceptFileTransfer":"قبول نقل الملف عبر البلوتوث؟","wantToReceiveFile":"يرغب {{deviceName}}  بنقل {{fileName}} ({{fileSize}}).","transfer-confirmation-title":"{{deviceName}}","transfer-confirmation-description":"إعدة النظر في طلب التحويل.","byteUnit-B":"بايت","byteUnit-KB":"كيلوبايت","byteUnit-MB":"ميجابايت","byteUnit-GB":"جيجابايت","byteUnit-TB":"تيرابايت","byteUnit-PB":"PB","byteUnit-EB":"EB","byteUnit-ZB":"ZB","byteUnit-YB":"YB","fileSize":"{{size}} {{unit}}","deny":"ارفض","transfer":"نقل","cancelFileTransfer":"إلغاء نقل الملف عبر البلوتوث؟","continueFileTransfer":"Continue","transfer-has-started-title":"بدء عملية التحويل","transfer-has-started-description":"تفحص العملية في مركز التنبيهات","transferFinished-sentSuccessful-title":"أُرسِل الملف","transferFinished-receivedSuccessful-title":"أُستُقبِل الملف","transferFinished-sentFailed-title":"لم يتم ارسال الملف","transferFinished-receivedFailed-title":"لم بتم استقبال الملف","transferReport-title":"حوِّل التقرير:","transferReport-description":"{{numSuccessful}}ملفات بنجاح , {{numUnsuccessful}} ملفات بفشل","unknown-file":"ملف غير مُعرَّف","unknown-device":"جهاز مجهول","cannotOpenFile":"لايمكن فتح الملف المُستلم","unknownMediaTypeToOpen":"لا يمكن فتح نوع وسائط غير مُعرَّف: ","cannotReceiveFile":"لا يمكن استلام الملف","cannotGetStorageState":"لايمكن الوصول الى حالة أجهزة التخزين.","sdcard-not-exist2":"لم يتم العثور على بطاقة الذاكرة. الرجاءإدخال بطاقة الذاكرة.","sdcard-in-use":"لا يمكن استعمال البلوتوث يبنما الجوَّال موصول. افصل الجوّال لاستلام الملف او الملفات.","sdcard-no-space2":"لا يمكن اتمام عملية النقل: بطاقة الذاكرة ملىء","unknown-error":"خطأ غير معروف","confirm":"تأكيد","microphone-is-on":"الميكرفون يعمل","camera-is-on":"الكمرة مُشغّلة","media-is-on":"الكاميرا والميكرفون يعملان","noSimCard":"لا توجد بطاقة SIM","simPin":"كود SIM PIN","pukCode":"كود PUK ","nckCode":"كود NCK","cckCode":"كود CCK","spckCode":"كود SPCK","nck1code":"NCK1 code","nck2code":"NCK2 code","hnckcode":"HNCK code","rcckcode":"RCCK code","rspckcode":"RSPCK code","whatIsSimPin":"ماهو كود SIM PIN؟","simPinIntro1":"كود SIM PIN يمنع الوصول إلى شبكات البيانات الخلوية لبطاقة SIM. عندما تكون مفعلة، أي جهاز يحتوي على بطاقة SIM سوف يطلب كود PIN عند إعادة التشغيل.","simPinIntro2":"كود SIM PIN ليس هو نفسه رمز المرور المستخدم لفتح الجهاز.","changeSimPin":"تغيير كود PIN","pinTitle":"أدخل الكود SIM PIN","multiSIMpinTitle":"أدخل SIM {{n}} PIN","pukTitle":"أدخل كود PUK ","nckTitle":"ادخل كود NCK","cckTitle":"ادخل كود CCK","spckTitle":"ادخل كود SPCK","nck1Title":"Enter NCK1 code","nck2Title":"Enter NCK2 code","hnckTitle":"Enter HNCK code","rcckTitle":"Enter RCCK code","rspckTitle":"Enter RSPCK code","newpinTitle":"كود PIN جديد","inputCodeRetriesLeft":{"_index":["plural","n"],"_":{"one":"آخر محاولة","two":"{{n}} محاولة متبقية .","few":"{{n}} محاولة متبقية .","many":"{{n}} محاولة متبقية .","other":"{{n}} محاولة متبقية ."}},"pinErrorMsg":"كود PIN خاطئ.","pinAttemptMsg2":{"_index":["plural","n"],"_":{"one":"لديك محاوله واحدة متبقية لادخال الكود الصحيح قبل اغلاق بطاقة SIM.","two":"لديك {{n}} محاولات متبقية لادخال الكود الصحيح قبل اغلاق بطاقة SIM.","few":"لديك {{n}} محاولات متبقية لادخال الكود الصحيح قبل اغلاق بطاقة SIM.","many":"لديك {{n}} محاولات متبقية لادخال الكود الصحيح قبل اغلاق بطاقة SIM.","other":"لديك {{n}} محاولات متبقية لادخال الكود الصحيح قبل اغلاق بطاقة SIM."}},"pinLastChanceMsg":"هذه آخر فرصة لك لإدخال رقم التعريف الشخصي الصحيح. خلاف ذلك، يجب عليك إدخال مفتاح إلغاء التأمين الشخصي (PUK) لإستخدام هذه الشريحة.","simCardLockedMsg":"بطاقة SIM مقفلة.","enterPukMsg":"يجب عليك إدخال مفتاح إلغاء التأمين الشخصي (PUK) للشريحة. ارجع إلى وثائق الشريحة أو اتصل بالناقل الخاص بك للحصول على مزيد من المعلومات.","pukErrorMsg":"كود PUK غير صحيح.","pukAttemptMsg2":{"_index":["plural","n"],"_":{"one":"لديك محاولة واحدة متبقية لإدخال الرمز الصحيح قبل أن تصبح هذه الشريحة غير صالحة للإستعمال بشكل دائم. ارجع إلى وثائق الشريحة أو اتصل بالمزود الخاص بك للحصول على مزيد من المعلومات.","two":"لديك {{n}} محاولة لإدخال الرمز الصحيح قبل أن تصبح هذه الشريحة غير صالحة للإستعمال بشكل دائم. ارجع إلى وثائق الشريحة أو اتصل بالناقل الخاص بك للحصول على مزيد من المعلومات.","few":"لديك {{n}} محاولة لإدخال الرمز الصحيح قبل أن تصبح هذه الشريحة غير صالحة للإستعمال بشكل دائم. ارجع إلى وثائق الشريحة أو اتصل بالناقل الخاص بك للحصول على مزيد من المعلومات.","many":"لديك {{n}} محاولة لإدخال الرمز الصحيح قبل أن تصبح هذه الشريحة غير صالحة للإستعمال بشكل دائم. ارجع إلى وثائق الشريحة أو اتصل بالناقل الخاص بك للحصول على مزيد من المعلومات.","other":"لديك {{n}} محاولة لإدخال الرمز الصحيح قبل أن تصبح هذه الشريحة غير صالحة للإستعمال بشكل دائم. ارجع إلى وثائق الشريحة أو اتصل بالناقل الخاص بك للحصول على مزيد من المعلومات."}},"pukLastChanceMsg":"آخر فرصة لإدخال مفتاح إلغاء التأمين الشخصي (PUK) الصحيح. شريحتك ستصبح غير صالحة للإستعمال بشكل دائم إذا أدخلت مفتاح إلغاء تأمين شخصي (PUK) خاطىء. ارجع إلى وثائق الشريحة أو اتصل بالناقل الخاص بك للحصول على مزيد من المعلومات.","newSimPinMsg":"أنشىء رقم تعريف شخصي (يجب أن يحتوي من 4 إلى 8 أرقام)","confirmNewSimPinMsg":"قم بتأكيد كود PIN","newPinErrorMsg":"كودين PIN غير متطابقين","nckErrorMsg":"كود NCK غير صحيح.","nckAttemptMsg2":{"_index":["plural","n"],"_":{"one":"فشل طلب عدم تخصيص الشبكة. لديك محاوله واحدة متبقية لادخال الكود الصحيح. راجع وثائق جهازك أو اتصل مع مزود الخدمة لمعلومات اضافية.","two":"فشل طلب عدم تخصيص الشبكة. لديك {{n}} محاولات متبقية لادخال الكود الصحيح. راجع وثائق جهازك أو اتصل مع مزود الخدمة لمعلومات اضافية.","few":"فشل طلب عدم تخصيص الشبكة. لديك {{n}} محاولات متبقية لادخال الكود الصحيح. راجع وثائق جهازك أو اتصل مع مزود الخدمة لمعلومات اضافية.","many":"فشل طلب عدم تخصيص الشبكة. لديك {{n}} محاولات متبقية لادخال الكود الصحيح. راجع وثائق جهازك أو اتصل مع مزود الخدمة لمعلومات اضافية.","other":"فشل طلب عدم تخصيص الشبكة. لديك {{n}} محاولات متبقية لادخال الكود الصحيح. راجع وثائق جهازك أو اتصل مع مزود الخدمة لمعلومات اضافية."}},"nckLastChanceMsg":"فشل طلب عدم تخصيص الشبكة. لديك محاولة اخيرة لادخال كود NCL. راجع وثائق جهازك أو اتصل مع مزود الخدمة لمعلومات اضافية.","activity-pick":"اختر من:","activity-view":"شاهد بـ:","activity-test":"افحص بـ:","activity-share":"شارك بـ:","activity-new":"انشىء بـ:","activity-open":"افتح بـ:","activity-save-bookmark":"مرجعية إلى:","activity-record":"سجِّل من:","activity-browse":"تصفح بـ:","activity-configure":"ضبط بـ:","activity-dial":"اتصل من:","persona-signin":"تسجيل الدخول","payment-flow":"اشتري","remoteDebuggerMessage":"تم الكشف عن طلب اتصال للتدقيق البعيد . هل تسمح بالاتصال؟","fullscreen-request":"{{origin}} الآن ملء الشاشة.","captive-wifi-available":"تم العثور على الشبكة {{neworkName}} هل تريد الانضمام اليها؟","ceWarningtitle":"تحذير الصوت","ceWarningcontent":"لتجنب اي اصابة سمعية، لا تستمع لفترات طويلة والصوت مرتفع.","notification-powersaving-mode-on-title":"وضع توفير الطاقة","notification-powersaving-mode-on-description":"وضع توفير الطاقة مُفعّل","low-device-storage":"المساحة الفارغة صغيرة\\n","free-space":{"_index":["plural","value"],"_":{"zero":"لا توجد مساحة فارغة","one":"أقل من {{value}} {{unit}}  متبقية.","two":"أقل من {{value}} {{unit}}  متبقية.","few":"أقل من {{value}} {{unit}}  متبقية.","many":"أقل من {{value}} {{unit}}  متبقية.","other":"أقل من {{value}} {{unit}}  متبقية."}},"unknown-free-space":"المساحة الفارغة غير معروفة.","system-alert":"تنبيه النظام","cb-channel":"قناة {{channel}}","icc-message-title":"رسالة من المشغل SIM {{id}}","icc-confirmCall-defaultmessage":"أأتصال بـ {{number}}؟","icc-alertMessage-defaultmessage":"جارِ إرسال الرسالة","icc-confirmMessage-defaultmessage":"أأرسال رسالة؟","icc-inputbox-title":"STK الإستعلام من SIM {{id}}","emergency-callback-mode":"وضع الإتصال بالطوارئ","emergency-callback-message":"لا يمكنك إجراء المكالمات، وإرسال الرسائل أو الذهاب على الانترنت لتمكين وضع الاتصال بالطوارئ. هل ترغب في إيقاف تشغيله؟","cdma-record-info":"CDMA تسجيل معلومات","ime-switching-title":"{{appName}}: {{name}}","ime-switching-tip":"انقر بثبات لتبديل طريقة الكتابة","shrinking-tip":"مرِّر للمشاركة","download_started":"بدأ التنزيل","download_stopped":"توقف التنزيل","download_downloading":"جارِ التنزيل...","download_succeeded":"اكتمل التنزيل","download_failed":"فشل التنزيل","download_text_by_default":"{{name}}","download_downloading_text_2":"{{percentage}}% - {{name}}","search-or-enter-address":{"_":"Search or enter address","placeholder":"Search or enter address"},"noSIMCardInHotspot":"بطاقة SIM غير موجودة أوتم إدراجها بشكل غير صحيح، و إيقاف هوت سبوت","open-in-new-tab":"Open link in new tab","add-link-to-home-screen":"Add link to home screen","share-link":"Share link","save-image":"Save Image","save-video":"Save Video","firefox-accounts-title":"Firefox Accounts","fxa-next":"Next","fxa-back":"Back","fxa-done":"Done","fxa-ok":"OK","fxa-account-does-not-exist-title":"Account does not exist","fxa-account-does-not-exist-message":"Account does not exist","fxa-cannot-create-account":"Unable to create account","fxa-cannot-create-password":"Unable to reset your Firefox Accounts password right now.","fxa-already-signed-in-title":"User is already signed in","fxa-already-signed-in-message":"There is an user is already signed in Firefox.","fxa-invalid-password-title":"Invalid password","fxa-invalid-password-message":"You have used an invalid password. Please try again with a valid one.","fxa-invalid-email-title":"Invalid email address","fxa-invalid-email-message":"You have used an invalid email address. Please try again with a valid one.","fxa-connection-error-title":"Unable to connect","fxa-connection-error-message":"Unable to connect to Firefox right now. You can sign in or create an account from your phone's settings or try it again.","fxa-reset-password-error-title":"Unable to reset password","fxa-reset-password-error-message":"Your password was not reset. Please try again.","fxa-reset-password-in-settings-title":"Reset Password","fxa-reset-password-in-settings-message":"You can reset your password from your phone's settings.","fxa-generic-error-title":"Unable to connect to Firefox","fxa-generic-error-message":"Unable to connect to Firefox Accounts right now. Try your phone's settings or check your connection to Internet.","fxa-coppa-failure-error-title":"Cannot Create Account","fxa-coppa-failure-error-message":"You must meet certain age requirements to create a Firefox Accounts. <a href='http://www.ftc.gov/news-events/media-resources/protecting-consumer-privacy/kids-privacy-coppa'>Learn more</a>","fxa-coppa-ftu-error-message":"You must meet certain age requirements to create a Firefox Accounts. Try again later from Settings.","fxa-offline-error-title":"Unable to connect to Firefox","fxa-offline-error-message":"Unable to connect to Firefox Accounts right now. Check your phone' settings and your Internet connection.","fxa-unknown-error-title":"Unknown error","fxa-unknown-error-message":"Unknown error","fxa-connecting-to-firefox":"Connecting to Firefox Accounts","fxa-email-input":{"placeholder":"Email"},"fxa-use-email-to-sign-in":"Use your email address to create an account or sign in.","fxa-agree-to-tos-pp":"By proceeding, you agree to our <a href=\"#fxa-tos\">Terms of Service</a> and <a href=\"#fxa-pp\">Privacy Policy</a>","fxa-set-password-title":"Enter your new password","fxa-enter-password-title":"Enter your password","fxa-hello-user":"Hello, <a id=\"fxa-user-email\">hola@email.com</a>","fxa-password-refresh":"Please enter your Firefox Account password for <a id=\"fxa-user-email\">hola@email.com</a> to continue.","fxa-password":{"placeholder":"Password"},"fxa-forgot-password":"I forgot my password","fxa-show-password":"Show password","fxa-authenticating":"Authenticating","fxa-registering":"Registering","fxa-success":"Success!","fxa-ready-to-go":"Your Firefox Account is ready to go! ","fxa-use-services":"Now you can use <span id=\"fxa-summary-email\">email</span> to access services like Marketplace and Where’s My Fox.","fxa-manage-account-settings":"In the future, you can access and manage your account from your phone's settings.","fxa-confirm-account":"Confirm Your Account","fxa-sending-email-to":"We have sent you an email to: <strong id=\"fxa-summary-email\">email</strong>","fxa-tos-header":"Terms of Service","fxa-tos1":"Lorem ipsum dolor sit amet, consectetur adipisicing elit, sed do eiusmod tempor incididunt ut labore et dolore magna aliqua. Ut enim ad minim veniam, quis nostrud exercitation ullamco laboris nisi ut aliquip ex ea commodo consequat. Duis aute irure dolor in reprehenderit in voluptate velit esse cillum dolore eu fugiat nulla pariatur. ","fxa-tos2":"Excepteur sint occaecat qui of fi cia deserunt mollit anim id est laborum.  Lorem ipsum dolor sit amet, consectetur adipisicing elit, sed do eiusmod tempor incididunt ut labore et dolore magna aliqua. Ut enim ad minim veniam,quis nostrud exercitation ullamco laboris nisi ut aliquip ex ea commodo consequat. Duis aute irure dolor in.","fxa-pp-header":"Privacy Policy","fxa-pp1":"Lorem ipsum dolor sit amet, consectetur adipisicing elit, sed do eiusmod tempor incididunt ut labore et dolore magna aliqua. Ut enim ad minim veniam, quis nostrud exercitation ullamco laboris nisi ut aliquip ex ea commodo consequat. Duis aute irure dolor in reprehenderit in voluptate velit esse cillum dolore eu fugiat nulla pariatur. ","fxa-pp2":"Excepteur sint occaecat qui of fi cia deserunt mollit anim id est laborum.  Lorem ipsum dolor sit amet, consectetur adipisicing elit, sed do eiusmod tempor incididunt ut labore et dolore magna aliqua. Ut enim ad minim veniam,quis nostrud exercitation ullamco laboris nisi ut aliquip ex ea commodo consequat. Duis aute irure dolor in.","fxa-age-verification":"Age Verification","fxa-age-1990-earlier":"1990 or earlier","fxa-year-of-birth":"Year of Birth","brandShortName":"B2G OS","browserBrandShortName":"Web Browser","browserBrandFullName":"Mozilla Web Browser","weekday-0-long":"الأحد","weekday-1-long":"الإثنين","weekday-2-long":"الثلاثاء","weekday-3-long":"الأربعاء","weekday-4-long":"الخميس","weekday-5-long":"الجمعة","weekday-6-long":"السبت","weekday-0-short":"أحد","weekday-1-short":"إثنين","weekday-2-short":"ثلاثاء","weekday-3-short":"أربعاء","weekday-4-short":"خميس","weekday-5-short":"جمعة","weekday-6-short":"سبت","month-0-long":"يناير","month-1-long":"فبراير","month-2-long":"مارس","month-3-long":"أبريل","month-4-long":"مايو","month-5-long":"يونيو","month-6-long":"يوليو","month-7-long":"أغسطس","month-8-long":"سبتمبر","month-9-long":"أكتوبر","month-10-long":"نوفمبر","month-11-long":"ديسمبر","month-0-genitive":"يناير","month-1-genitive":"فبراير","month-2-genitive":"مارس","month-3-genitive":"أبريل","month-4-genitive":"مايو","month-5-genitive":"يونيو","month-6-genitive":"يوليو","month-7-genitive":"أغسطس","month-8-genitive":"سبتمبر","month-9-genitive":"أكتوبر","month-10-genitive":"نوفمبر","month-11-genitive":"ديسمبر","month-0-short":"يناير","month-1-short":"فبراير","month-2-short":"مارس","month-3-short":"ابريل","month-4-short":"مايو","month-5-short":"يونيو","month-6-short":"يوليو","month-7-short":"أغسطس","month-8-short":"سبتمبر","month-9-short":"أكتوبر","month-10-short":"نوفمبر","month-11-short":"ديسمبر","minutes-ago-long":{"_index":["plural","value"],"_":{"zero":"الآن","one":"منذ دقيقة","two":"منذ {{value}} دقائق","few":"منذ {{value}} دقائق","many":"منذ {{value}} دقائق","other":"منذ {{value}} دقائق"}},"hours-ago-long":{"_index":["plural","value"],"_":{"zero":"الآن","one":"قبل ساعة واحدة","two":"منذ ساعتين","few":"قبل {{value}} ساعات","many":"قبل {{value}} ساعة","other":"قبل {{value}} ساعة"}},"days-ago-long":{"_index":["plural","value"],"_":{"zero":"اليوم","one":"الأمس","two":"قبل يومين","few":"قبل {{value}} أيام","many":"قبل {{value}} يوم","other":"قبل {{value}} يوم"}},"weeks-ago-long":{"_index":["plural","value"],"_":{"zero":"هذا الأسبوع","one":"الأسبوع الماضي","two":"منذ {{value}} أسابيع","few":"منذ {{value}} أسابيع","many":"منذ {{value}} أسابيع","other":"منذ {{value}} أسابيع"}},"months-ago-long":{"_index":["plural","value"],"_":{"zero":"هذا الشهر","one":"الشهر الماضي","two":"منذ {{value}} أشهر","few":"منذ {{value}} أشهر","many":"منذ {{value}} أشهر","other":"منذ {{value}} أشهر"}},"years-ago-long":{"_index":["plural","value"],"_":{"zero":"هذه السنة","one":"السنة الماضية","two":"منذ سنتين","few":"منذ {{value}} سنوات","many":"منذ {{value}} سنة","other":"منذ {{value}} سنة"}},"minutes-until-long":{"_index":["plural","value"],"_":{"zero":"الآن","one":"خلال دقيقة","two":"خلال دقيقتين","few":"خلال {{value}} دقائق","many":"خلال {{value}} دقيقة","other":"خلال {{value}} دقيقة"}},"hours-until-long":{"_index":["plural","value"],"_":{"zero":"الآن","one":"خلال ساعة","two":"خلال ساعتين","few":"خلال {{value}} ساعات","many":"خلال {{value}} ساعة","other":"خلال {{value}} ساعة"}},"days-until-long":{"_index":["plural","value"],"_":{"zero":"اليوم","one":"غداً","two":"خلال يومين","few":"خلال {{value}} أيام","many":"خلال {{value}} يوم","other":"خلال {{value}} يوم"}},"weeks-until-long":{"_index":["plural","value"],"_":{"zero":"هذا الأسبوع","one":"الأسبوع القادم","two":"خلال اسبوعين","few":"خلال {{value}} أسابيع","many":"خلال {{value}} أسبوع","other":"خلال {{value}} أسبوع"}},"months-until-long":{"_index":["plural","value"],"_":{"zero":"هذا الشهر","one":"الشهر القادم","two":"خلال شهرين","few":"خلال {{value}} أشهر","many":"خلال {{value}} شهر","other":"خلال {{value}} شهر"}},"years-until-long":{"_index":["plural","value"],"_":{"zero":"هذه السنة","one":"السنة القادمة","two":"خلال سنتين","few":"خلال {{value}} سنوات","many":"خلال {{value}} سنة","other":"خلال {{value}} سنة"}},"minutes-ago-short":{"_index":["plural","value"],"_":{"zero":"الآن","other":"منذ {{value}} دقيقة"}},"hours-ago-short":{"_index":["plural","value"],"_":{"zero":"الآن","other":"منذ {{value}} س"}},"days-ago-short":{"_index":["plural","value"],"_":{"zero":"اليوم","other":"منذ {{value}} ي"}},"minutes-until-short":{"_index":["plural","value"],"_":{"zero":"الآن","other":"خلال {{value}} د"}},"hours-until-short":{"_index":["plural","value"],"_":{"zero":"الآن","other":"خلال {{value}} س"}},"days-until-short":{"_index":["plural","value"],"_":{"zero":"اليوم","other":"خلال {{value}} ي"}},"incorrectDate":"(تاريخ غير صحيح)","dateTimeFormat_%c":"%a %b %e %Y %I:%M:%S %p","dateTimeFormat_%x":"%m/%d/%Y","dateTimeFormat_%X":"%I:%M:%S %p","shortTimeFormat":"%I:%M %p","shortDateTimeFormat":"%x %I:%M %p","weekStartsOnMonday":"0","time_am":"ص","time_pm":"م","perm-contacts":"جهات الاتصال","perm-contacts-appRequest":"{{app}} يريد الوصول الى قائمة جهات اتصالك.","perm-contacts-webRequest":"{{site}} يريد الوصول الى قائمة جهات اتصالك.","perm-desktop-notification":"التنبيهات","perm-desktop-notification-appRequest":"{{app}} يريد ان يُظهر تنبيهات.","perm-desktop-notification-webRequest":"{{site}} يريد ان يُظهر تنبيهات.","perm-device-storage-music":"سعة الصوتيات","perm-device-storage-music-appRequest":"{{app}} يريد الوصول الى صوتياتك.","perm-device-storage-music-webRequest":"{{site}} يريد الوصول الى صوتياتك.","perm-device-storage-pictures":"سعة الصور","perm-device-storage-pictures-appRequest":"{{app}} يريد الوصول الى صورك.","perm-device-storage-pictures-webRequest":"{{site}} يريد الوصول الى صورك.","perm-device-storage-sdcard":"سعة بطاقة الذاكرة","perm-device-storage-sdcard-appRequest":"{{app}}  يريد الوصول الى بطاقة الذاكرة.","perm-device-storage-sdcard-webRequest":"{{site}} يريد الوصول الى بطاقة الذاكرة.","perm-device-storage-videos":"سعة الفيديو","perm-device-storage-videos-appRequest":"{{app}} يريد الوصول الى فيديوهاتك.","perm-device-storage-videos-webRequest":"{{site}} يريد الوصول الى فيديوهاتك.","perm-fmradio":"راديو FM","perm-fmradio-appRequest":"{{app}}  يريد ان يستخدم الراديو.","perm-fmradio-webRequest":"{{site}} يريد ان يستخدم الراديو.","perm-geolocation":"تحديد الموقع الجغرافي","perm-geolocation-appRequest":"{{app}} يريد أن يعرف موقعك.","perm-geolocation-webRequest":"{{site}} يريد أن يعرف موقعك.","perm-geolocation-more-info":"{{brandShortName}} يستخدم بيانات من شبكات موبايل وواي فاي وجي بي اس قريبة منك لتحديد موقعك تقريبيا. يتم إرسال هذه البيانات لموزيلا وغيرها من مقدمي الخدمات ليتم استخدامها في تحسين قواعد البيانات الجغرافيّة. قد يتم تخزين هذه البيانات على جهازك وقد يتم تجميع هذه البيانات حتى إن لم تشغيل أي تطبيق.","perm-video-capture":"الكاميرا","perm-video-capture-appRequest":"هل تريد السماح لـ {{app}} باستخدام الكاميرا؟","perm-video-capture-webRequest":"هل تريد السماح لـ {{site}} باستخدام الكاميرا؟","perm-audio-capture":"ميكروفون","perm-audio-capture-appRequest":"هل تريد السماح لـ {{app}} باستخدام الميكروفون؟","perm-audio-capture-webRequest":"هل تريد السماح لـ {{site}} باستخدام الميكروفون؟","perm-media-capture":"الكاميرا والميكروفون","perm-media-capture-appRequest":"هل تريد السماح ل {{app}} باستخدام الكاميرا والميكروفون؟","perm-media-capture-webRequest":"هل تريد السماح ل {{site}} باستخدام الكاميرا والميكروفون؟","stopped_download_title":"لقد توقف التنزيل","stopped_download_message":"لقد توقف التنزيل, حاول مرة اخرى ؟","stopped_download_left_button":"ألغِ","stopped_download_right_button":"أعِد المحاولة","failed_download_title":"فشل التنزيل","failed_download_message":"فشل تنزيل {{name}}. هل تريد إعادة المحاولة مرة أخرى؟","failed_download_left_button":"ألغِ","failed_download_right_button":"أعِد المحاولة","stop_download_title":"أوقف التنزيل","stop_download_message":"هل أنت متأكد أنك تريد إيقاف التنزيل؟","stop_download_left_button":"لا","stop_download_right_button":"نعم","delete_download_title":"احذف","delete_download_message":"حذف {{name}}؟","delete_download_left_button":"ألغِ","delete_download_right_button":"حذف","delete_all_download_title":"احذف","delete_all_download_left_button":"ألغِ","delete_all_download_right_button":"احذف","delete_all_download_message":{"_index":["plural","number"],"_":{"zero":"حذف أي ملفات؟","one":"حذف ملف واحد؟","two":"حذف ملفين؟","few":"حذف {{number}} ملفات؟","many":"حذف {{number}} ملف؟","other":"حذف {{number}} ملف؟"}},"unsupported_file_type_download_title":"تعذر فتح","unsupported_file_type_download_message":"لا يوجد برنامج يمكنه فتح {{name}}. هل تريد حفظ الملف أم حذفه؟","unsupported_file_type_download_left_button":"إبقاء الملف","unsupported_file_type_download_right_button":"احذف","file_not_found_download_title":"الملف غير موجود","file_not_found_download_message":"الملف غير موجود على الجهاز","file_not_found_download_right_button":"موافق","unmounted_sdcard_2_download_title":"بطاقة الذاكرة مستخدمة","unmounted_sdcard_2_download_message":"قم بفصل الهاتف","unmounted_sdcard_2_download_right_button":"موافق","no_provider_download_title":"غير قادر على مشاركة","no_provider_download_message":"لم يتم العثور على مزود","no_provider_download_right_button":"موافق","no_memory_download_title":"بطاقة الذاكرة ممتلئة","no_memory_download_message":"لايوجد مساحة كافية على بطاقة الذاكرة لحفظ التحميل. الرجاء حذف بعض الملفات قبل إعادة التحميل.","no_memory_download_right_button":"موافق","no_sdcard_found_2_download_title":"بطاقة الذاكرة غير موجودة","no_sdcard_found_2_download_message":"ادخل بطاقة الذاكرة أو حدد موقع الوسائط الافتراضي في الإعدادات","no_sdcard_found_2_download_right_button":"موافق","file_open_error_download_title":"غير قابل للفتح","file_open_error_download_message":"هناك مشكلة في فتح {{name}}. هل تريد حفظ الملف أم حذفه؟","file_open_error_download_left_button":"الإحتفاظ بالملف","file_open_error_download_right_button":"احذف","restart_download_error":"حدث خطأ عند إعادة بدأ التنزيل. من فضلك أعد التنزيل مرة أخرى.","no-downloads":"لا يوجد تنزيلات","percentage":"{{percentage}} %","partialResult":"{{partial}} من {{total}}","summary":"{{date}} - {{status}}","download-stopped":"متوقف","download-failed":"فشل التنزيل","open_downloaded_file":"افتح","share_downloaded_file":"مُشاركة","wallpaper_downloaded_file":"تعيين كخلفية","ringtone_downloaded_file":"تعيين كنغمة رنين","cancel_downloaded_file":"ألغِ","voicemailNoNumberTitle":"Voicemail number is unavailable","voicemailNoNumberText":"Unable to call the voicemail. Set up the voicemail number to place the call.","voicemailNoNumberSettings":"Settings","voicemailNoNumberCancel":"Cancel"}