{"ok":"OK","back":"Back","help":"Help","cancel":"Cancel","close":"Close","skip":"Skip","airplaneMode":"Airplane mode","searching":"Searching…","noNetwork":"No network","roaming":"{{operator}} (Roaming)","emergencyCallsOnly":"Emergency calls only","emergencyCallsOnly-unknownSIMState":"(unknown SIM state)","emergencyCallsOnly-noSIM":"(no SIM)","emergencyCallsOnly-pinRequired":"(SIM PIN required)","emergencyCallsOnly-pukRequired":"(SIM PUK required)","emergencyCallsOnly-networkLocked":"(network locked)","emergencyCallsOnly-serviceProviderLocked":"(service provider locked)","emergencyCallsOnly-corporateLocked":"(corporate locked)","emergencyCallsOnly-network1Locked":"(network1 locked)","emergencyCallsOnly-network2Locked":"(network2 locked)","emergencyCallsOnly-hrpdNetworkLocked":"(hrpd network locked)","emergencyCallsOnly-ruimCorporateLocked":"(ruim corporate locked)","emergencyCallsOnly-ruimServiceProviderLocked":"(ruim service provider locked)","enterPIN":"Enter PIN","mediaPlaybackTitle":{"ariaLabel":"Title"},"mediaPlaybackArtist":{"ariaLabel":"Artist"},"mediaPlaybackControls":{"ariaLabel":"Playback controls"},"mediaPlaybackPrevious":{"ariaLabel":"Previous"},"mediaPlaybackPlay":"Play","mediaPlaybackPause":"Pause","mediaPlaybackNext":{"ariaLabel":"Next"},"wifiButton-on":"Wi-Fi on","wifiButton-on-initializing":"Wi-Fi on, initializing","wifiButton-off":"Wi-Fi off","dataButton-on":"Data {{type}} on","dataButton-off":"Data {{type}} off","bluetoothButton-on":"Bluetooth on","bluetoothButton-on-initializing":"Bluetooth on, initializing","bluetoothButton-off":"Bluetooth off","airplaneMode-on":"Airplane mode on","airplaneMode-off":"Airplane mode off","settingsButton":{"ariaLabel":"Settings"},"utilityTrayGrippy":{"ariaLabel":"Close utility tray"},"statusbarLabel":"{{date}}, {{operator}}","statusbarDateFormat":"%b %e","statusbar":{"ariaLabel":"Status Bar"},"statusbarBattery":"Battery {{level}} percent","statusbarBatteryCharging":"Battery {{level}} percent, charging","statusbarFlightMode":{"ariaLabel":"Airplane mode on"},"statusbarWiFiConnecting":"Wi-Fi: connecting","statusbarWiFiConnected":"Wi-Fi: {{level}} of 4 bars","statusbarSignal":"{{operator}} network, {{level}} of 5 bars","statusbarSignalRoaming":"{{operator}} network (roaming), {{level}} of 5 bars","statusbarSignalNoneSearching":"Searching… Emergency calls only","statusbarHeadphones":{"ariaLabel":"Headphones on"},"statusbarBluetoothHeadphones":{"ariaLabel":"Bluetooth headphones on"},"statusbarBluetoothTransferring":{"ariaLabel":"Bluetooth transfer active"},"statusbarIconOn-tethering":"Tethering on","statusbarIconOnActive-tethering":"Tethering on, active","statusbarAlarm":{"ariaLabel":"Alarm on"},"statusbarIconOn-bluetooth":"Bluetooth on","statusbarIconOnActive-bluetooth":"Bluetooth on, active","statusbarIconOn-mute":"Mute on","statusbarIconOn-vibration":"Vibration on","statusbarRecording":{"ariaLabel":"Recording on"},"statusbarGeolocation":{"ariaLabel":"Geolocation on"},"statusbarUsb":{"ariaLabel":"USB on"},"statusbarForwarding":"Call forwarding on","statusbarPlaying":{"ariaLabel":"Media playing"},"statusbarNfc":{"ariaLabel":"NFC on"},"statusbarDownloads":{"ariaLabel":"Downloading…"},"statusbarNetworkActivity":{"ariaLabel":"Networking on"},"statusbarEmergencyCBNotification":{"ariaLabel":"Emergency callback"},"statusbarNotifications":{"_index":["plural","n"],"_":{"one":"{{n}} notification","two":"{{n}} notifications","few":"{{n}} notifications","many":"{{n}} notifications","other":"{{n}} notifications"}},"statusbarNotifications-unread":{"_index":["plural","n"],"_":{"one":"{{n}} unread notification","two":"{{n}} unread notifications","few":"{{n}} unread notifications","many":"{{n}} unread notifications","other":"{{n}} unread notifications"}},"notifications":"Notifications","clear-all":"Clear all","newVoicemails":{"_index":["plural","n"],"_":{"zero":"No new voicemail","one":"One new voicemail","two":"{{n}} new voicemails","few":"{{n}} new voicemails","many":"{{n}} new voicemails","other":"{{n}} new voicemails"}},"newVoicemailsUnknown":"New voicemail","dialNumber":"Dial {{number}}","voicemailNotificationMultiSim":"(SIM {{n}}) {{title}}","confirmNFCConnectBTenabledNameUnknown":"Are you sure you want to connect to the device?","confirmNFCConnectBTdisabledNameUnknown":"Turn on Bluetooth and connect to the device?","confirmNFCConnectBTenabledNameKnown":"Are you sure you want to connect to {{deviceName}}?","confirmNFCConnectBTdisabledNameKnown":"Turn on Bluetooth and connect to {{deviceName}}?","confirmNFCConnectBTdisabled":"Turn on","dismissNFCConnectBTdisabled":"Cancel","confirmation":"Confirmation","deviceMenu":"Phone","airplane":"Turn on airplane mode","airplaneOff":"Turn off airplane mode","silent":"Silence incoming calls","normal":"Ring incoming calls","restart":"Restart","power":"Power off","enableScreenReaderSteps":"To enable screen reader, press volume up then volume down buttons three more times","disableScreenReaderSteps":"To disable screen reader, press volume up then volume down buttons three more times","no-recent-apps":"No recent apps","yes":"Yes","no":"No","dontallow":"Don’t allow","allow":"Allow","dontshare-geolocation":"Don’t Share","share-geolocation":"Share","dontshare-audio-capture":"Don’t Share","share-audio-capture":"Share","dontshare-video-capture":"Don’t Share","share-video-capture":"Share","dontshare-media-capture":"Don’t Share","share-media-capture":"Share","device-front":"Front Camera","device-back":"Back Camera","remember-my-choice":"Remember my choice","more-info":"More info…","hide-info":"Hide info","install-app":"Install {{name}}?","size":"Size","author":"Author","size-unknown":"Unknown","author-unknown":"Unknown","install":"Install","bytes":"bytes","kB":"KB","MB":"MB","GB":"GB","TB":"TB","PB":"PB","app-install-generic-error":"{{ appName }} download stopped","app-install-download-failed":"{{ appName }} download failed","app-install-install-failed":"{{ appName }} install failed","cancelling-will-not-refund":"Cancelling will not refund a purchase. Refunds for paid content are provided by the original seller.","apps-can-be-installed-later":"Apps can be installed later from the original installation source.","are-you-sure-you-want-to-cancel":"Are you sure you want to cancel this install?","cancel-install":"Cancel Install","cancel-install-button":"Cancel Install","resume":"Resume","continue":"Continue","stopDownloading":"Stop downloading {{ app }}?","app-download-can-be-restarted":"The download can be restarted later.","app-download-stop-button":"Stop Download","not-enough-space":"Not enough space","not-enough-space-message":"There is not enough space to install this app. Free up space by deleting old apps or media, and try installing again from the original source.","app-install-success":"{{ appName }} installed","setup":"Setup","ime-addkeyboards":"Add keyboards","later":"Later","download":"Download","wantToDownload":"Download update now?","wantToInstall":"Install update now?","installNow":"Install Now","notNow":"Not Now","downloadingUpdateMessage":{"innerHTML":"Downloading updates… <span>{{ progress }} downloaded.</span>"},"downloadingAppMessage":"Downloading {{ appName }}","downloadingAppProgressNoMax":"{{ progress }} downloaded","downloadingAppProgressIndeterminate":"Downloading","downloadingAppProgress":"{{ progress }} / {{ max }} downloaded","cancelAllDownloads":"Cancel all downloads","wantToCancelAll":"Are you sure you want to cancel all downloads?","downloadError":"There was an error while downloading the updates.","updateAvailableInfo":{"innerHTML":{"_index":["plural","n"],"_":{"one":"{{ n }} update available. <span>Tap for more info.</span>","two":"{{ n }} updates available. <span>Tap for more info.</span>","few":"{{ n }} updates available. <span>Tap for more info.</span>","many":"{{ n }} updates available. <span>Tap for more info.</span>","other":"{{ n }} updates available. <span>Tap for more info.</span>"}}},"numberOfUpdates":{"_index":["plural","n"],"_":{"one":"{{ n }} update available","two":"{{ n }} updates available","few":"{{ n }} updates available","many":"{{ n }} updates available","other":"{{ n }} updates available"}},"systemUpdate":"System update","systemUpdateReady":"System Update Ready","required":"Required","uncompressingMessage":{"innerHTML":"Uncompressing… <span>This can take a few minutes.</span>"},"downloadNoWifiWarning":"Wi-Fi unavailable. Updating over current connection may incur additional charges.","downloadOfflineWarning":"Connection unavailable. Connect to a network to download updates.","downloadDataConnectionWarning":"Updates are downloaded via data connection when Wi-Fi is not available. Additional data charges may apply.","downloadUpdatesViaDataConnection":"Download updates via data connection?","downloadUpdatesViaDataConnectionMessage":"Updates are downloaded via data connection when Wi-Fi is not available. When using data connection, phone calls may be blocked and additional charges may also apply.","screenshotSaved":"Screenshot saved to Gallery","screenshotFailed":"The screenshot could not be saved","screenshotNoSDCard":"No memory card found","screenshotSDCardInUse":"Memory card is in use","screenshotSDCardLow":"Not enough space on memory card","emergency-call-button":"Emergency Call","emergency-call":"Emergency Call","unlock-a11y-button":{"ariaLabel":"Unlock"},"camera-a11y-button":{"ariaLabel":"Camera"},"longDateFormat":"%A, %B %e","softwareHomeButton":{"ariaLabel":"Home"},"login":"Sign in","username":"Username","password":"Password","http-authentication-message":"A username and password are being requested by {{host}}. The site says: “{{realm}}”","error-message":"{{name}} is not loading properly","error-title":"{{name}} is having problems","airplane-is-on":"Airplane mode is on","airplane-is-turned-on":"{{name}} requires a network connection. Turn off airplane mode from Settings and connect to a Wi-Fi or mobile data network.","server-not-found":"Server not found","server-not-found-error":"Can’t find the server at {{name}}.","file-not-found":"File not found","file-not-found-error":"The device can’t display this page because the file cannot be found.","connection-failed":"Unable to connect","connection-failed-error":"A network error occurred while trying to reach the site.","invalid-connection":"Unable to connect","invalid-connection-error":"A network error occurred while trying to reach the site.","malformed-uri":"URL not valid","malformed-uri-error":"The URL entered is not valid and cannot be loaded.","redirect-loop":"Can’t display page","redirect-loop-error":"The device can’t display this page because the page is not redirecting properly. Try this page again at a later time.","not-cached":"Page expired","not-cached-error":"As a security precaution, this page cannot be displayed by the device because it has expired.","is-printing-error":"The document cannot change while Printing or in Print Preview.","denied-port-access":"This address is restricted","denied-port-access-error":"This address uses a network port which is normally used for purposes other than Web browsing. The device has cancelled the request for your protection.","proxy-resolve-failure":"Proxy Server Error","proxy-resolve-failure-error":"The device is configured to use a proxy server that can’t be found.","proxy-connect-failure":"Proxy Server Error","proxy-connect-failure-error":"The device is configured to use a proxy server that is refusing connections.","content-encoding":"Can’t display page","content-encoding-error":"The device can’t display this page because a content encoding error occurred.","remote-xul":"Page unsupported","remote-xul-error":"This page can’t be displayed because it uses a technology that is not supported on the device.","phishing-blocked":"Warning","phishing-blocked-error":"The website has been reported as a web forgery designed to trick users into sharing personal or financial information.","malware-blocked":"Malware attack blocked","malware-blocked-error":"The site at has been reported as an attack site and has been blocked.","unsafe-content-type":"Unsafe content","unsafe-content-type-error":"The page cannot be shown because it may not be safe to open.","corrupted-content":"Can’t display page","corrupted-content-error":"The page cannot be shown because an error in the data transmission was detected.","network-connection-unavailable":"Network connection unavailable","network-error":"{{name}} requires a network connection. Try connecting to a Wi-Fi or mobile data network.","network-error-launching":"{{name}} requires an Internet connection.","network-error-in-app":"No access to the Internet right now.","unable-to-connect":"Unable to connect","try-again":"Try again","check-settings":"Check settings","tap-to-check-settings":"Tap to check settings","select-time":"Select time","choose-option":"Select","choose-options":"Select","select-day":"Select day","battery-almost-empty":"Battery almost empty","add-to-home-screen":"Add to Home Screen","share":"Share","crash-dialog2-os":"{{brandShortName}} just recovered from a crash","crash-dialog-app":"{{name}} just crashed","crash-dialog-message":"Would you like to send Mozilla a report about the crash to help us fix the problem? (Reports are sent over Wi-Fi only.)","crash-info-link":"What’s in a crash report?","crash-always-report":"Always send Mozilla a report when a crash occurs.","crash-dont-send":"Don’t Send","crash-end":"Send Report","crashReports":"Crash Reports","done":"Done","crash-reports-description-1":"A crash report contains some details about the crash and your device, as well as a snapshot of the state of your device when it crashed.","crash-reports-description-2":"This may include things like open pages and apps, text typed into forms and the content of open messages, recent browsing history, or geolocation used by an open app.","crash-reports-description-3-start":"We use crash reports to try to fix problems and improve our products. We handle your information as we describe in our ","crash-reports-description-3-privacy":"privacy policy","crash-reports-description-3-end":".","crash-banner-os2":"{{brandShortName}} just crashed.","crash-banner-app":"{{name}} just crashed.","crash-banner-report":"Report","bluetooth-sending-progress":"Sending Bluetooth transfer…","bluetooth-receiving-progress":"Receiving Bluetooth transfer…","acceptFileTransfer":"Accept Bluetooth file transfer?","wantToReceiveFile":"{{deviceName}} would like to transfer {{fileName}} ({{fileSize}}).","transfer-confirmation-title":"{{deviceName}}","transfer-confirmation-description":"Review transfer request.","byteUnit-B":"B","byteUnit-KB":"KB","byteUnit-MB":"MB","byteUnit-GB":"GB","byteUnit-TB":"TB","byteUnit-PB":"PB","byteUnit-EB":"EB","byteUnit-ZB":"ZB","byteUnit-YB":"YB","fileSize":"{{size}} {{unit}}","deny":"Deny","transfer":"Transfer","cancelFileTransfer":"Cancel Bluetooth file transfer?","continueFileTransfer":"Continue","transfer-has-started-title":"The transfer has started","transfer-has-started-description":"Check the progress in Notification center","transferFinished-sentSuccessful-title":"File sent","transferFinished-receivedSuccessful-title":"File received","transferFinished-sentFailed-title":"File could not be sent","transferFinished-receivedFailed-title":"File could not be received","transferReport-title":"Transfer report:","transferReport-description":"{{numSuccessful}} files successful, {{numUnsuccessful}} files unsuccessful","unknown-file":"Unknown file","unknown-device":"Unknown device","cannotOpenFile":"Can not open received file","unknownMediaTypeToOpen":"Can not open unknown media type:","cannotReceiveFile":"Can not receive file","cannotGetStorageState":"Can not get device storage state.","sdcard-not-exist2":"No memory card found. Please insert a memory card.","sdcard-in-use":"Bluetooth can not be used while phone is plugged in. Please unplug the phone to receive file(s).","sdcard-no-space2":"Can not complete transfer: memory card is full.","unknown-error":"Unknown error","confirm":"Confirm","microphone-is-on":"Mic is on","camera-is-on":"Camera is on","media-is-on":"Camera & Mic are ON","noSimCard":"No SIM card","simPin":"SIM PIN","pukCode":"PUK code","nckCode":"NCK code","cckCode":"CCK code","spckCode":"SPCK code","nck1code":"NCK1 code","nck2code":"NCK2 code","hnckcode":"HNCK code","rcckcode":"RCCK code","rspckcode":"RSPCK code","whatIsSimPin":"What is a SIM PIN?","simPinIntro1":"A SIM PIN prevents access to the SIM card cellular data networks. When it’s enabled, any device containing the SIM card will request the PIN upon restart.","simPinIntro2":"A SIM PIN is not the same as the passcode used to unlock the device.","changeSimPin":"Change PIN","pinTitle":"Enter SIM PIN","multiSIMpinTitle":"Enter SIM {{n}} PIN","pukTitle":"Enter PUK code","nckTitle":"Enter NCK code","cckTitle":"Enter CCK code","spckTitle":"Enter SPCK code","nck1Title":"Enter NCK1 code","nck2Title":"Enter NCK2 code","hnckTitle":"Enter HNCK code","rcckTitle":"Enter RCCK code","rspckTitle":"Enter RSPCK code","newpinTitle":"New PIN","inputCodeRetriesLeft":{"_index":["plural","n"],"_":{"one":"Last try.","two":"{{n}} tries left.","few":"{{n}} tries left.","many":"{{n}} tries left.","other":"{{n}} tries left."}},"pinErrorMsg":"The PIN was incorrect.","pinAttemptMsg2":{"_index":["plural","n"],"_":{"one":"You have one try left to enter the correct code before locking the SIM card.","two":"You have {{n}} tries left to enter the correct code before locking the SIM card.","few":"You have {{n}} tries left to enter the correct code before locking the SIM card.","many":"You have {{n}} tries left to enter the correct code before locking the SIM card.","other":"You have {{n}} tries left to enter the correct code before locking the SIM card."}},"pinLastChanceMsg":"This is your last chance to enter the correct PIN. Otherwise, you must enter the PUK code to use this SIM card.","simCardLockedMsg":"The SIM card is locked.","enterPukMsg":"You must enter the Personal Unlocking Key (PUK) code for the SIM card. Refer to your SIM card documentation or contact your carrier for more information.","pukErrorMsg":"The PUK code is incorrect.","pukAttemptMsg2":{"_index":["plural","n"],"_":{"one":"You have one try left to enter the correct code before this SIM card will be permanently unusable. Refer to your SIM card documentation or contact your carrier for more information.","two":"You have {{n}} tries left to enter the correct code before this SIM card will be permanently unusable. Refer to your SIM card documentation or contact your carrier for more information.","few":"You have {{n}} tries left to enter the correct code before this SIM card will be permanently unusable. Refer to your SIM card documentation or contact your carrier for more information.","many":"You have {{n}} tries left to enter the correct code before this SIM card will be permanently unusable. Refer to your SIM card documentation or contact your carrier for more information.","other":"You have {{n}} tries left to enter the correct code before this SIM card will be permanently unusable. Refer to your SIM card documentation or contact your carrier for more information."}},"pukLastChanceMsg":"Last chance to enter the correct PUK code. Your SIM card will be permanently unusable if you enter in the wrong PUK code. Refer to your SIM card documentation or contact your carrier for more information.","newSimPinMsg":"Create PIN (must contain 4 to 8 digits)","confirmNewSimPinMsg":"Confirm new PIN","newPinErrorMsg":"PINs don’t match.","nckErrorMsg":"The NCK code is incorrect.","nckAttemptMsg2":{"_index":["plural","n"],"_":{"one":"Network depersonalization request failure. You have one try left to enter the correct code. Refer to your device documentation or contact your carrier for more information.","two":"Network depersonalization request failure. You have {{n}} tries left to enter the correct code. Refer to your device documentation or contact your carrier for more information.","few":"Network depersonalization request failure. You have {{n}} tries left to enter the correct code. Refer to your device documentation or contact your carrier for more information.","many":"Network depersonalization request failure. You have {{n}} tries left to enter the correct code. Refer to your device documentation or contact your carrier for more information.","other":"Network depersonalization request failure. You have {{n}} tries left to enter the correct code. Refer to your device documentation or contact your carrier for more information."}},"nckLastChanceMsg":"Network depersonalization request failure. Last chance to enter the correct NCK code. Refer to your device documentation or contact your carrier for more information.","activity-pick":"Select from:","activity-view":"View with:","activity-test":"Test with:","activity-share":"Share with:","activity-new":"Create with:","activity-open":"Open with:","activity-save-bookmark":"Bookmark to:","activity-record":"Record from:","activity-browse":"Browse with:","activity-configure":"Configure with:","activity-dial":"Dial from:","persona-signin":"Sign In","payment-flow":"Purchase","remoteDebuggerMessage":"An incoming request to permit remote debugging connection was detected. Allow connection?","fullscreen-request":"{{origin}} is now fullscreen.","captive-wifi-available":"The network {{networkName}} was found. Join network?","ceWarningtitle":"Volume warning","ceWarningcontent":"To prevent possible hearing damage, do not listen at high volume levels for long periods.","notification-powersaving-mode-on-title":"Power Saving Mode","notification-powersaving-mode-on-description":"Power saving mode is on.","low-device-storage":"Device space low.\\n","free-space":{"_index":["plural","value"],"_":{"zero":"No remaining free space.","one":"Less than {{value}} {{unit}} remaining.","two":"Less than {{value}} {{unit}} remaining.","few":"Less than {{value}} {{unit}} remaining.","many":"Less than {{value}} {{unit}} remaining.","other":"Less than {{value}} {{unit}} remaining."}},"unknown-free-space":"Unknown remaining space.","system-alert":"System Alert","cb-channel":"Channel {{channel}}","icc-message-title":"Operator message from SIM {{id}}","icc-confirmCall-defaultmessage":"Call {{number}}?","icc-alertMessage-defaultmessage":"Sending message","icc-confirmMessage-defaultmessage":"Send message?","icc-inputbox-title":"STK Query from SIM {{id}}","emergency-callback-mode":"Emergency call back mode","emergency-callback-message":"You can not make calls, send messages or go online because emergency callback mode is enabled. Would you like to turn it off?","cdma-record-info":"CDMA record information","ime-switching-title":"{{appName}}: {{name}}","ime-switching-tip":"Tap to switch input method","shrinking-tip":"Swipe to share","download_started":"Download started","download_stopped":"Download stopped","download_downloading":"Downloading…","download_succeeded":"Download complete","download_failed":"Download failed","download_text_by_default":"{{name}}","download_downloading_text_2":"{{percentage}}% - {{name}}","search-or-enter-address":{"_":"Search or enter address","placeholder":"Search or enter address"},"noSIMCardInHotspot":"SIM card is absent or inserted incorrectly, so turn off hotspot","open-in-new-tab":"Open link in new tab","add-link-to-home-screen":"Add link to home screen","share-link":"Share link","save-image":"Save Image","save-video":"Save Video","firefox-accounts-title":"Firefox Accounts","fxa-next":"Next","fxa-back":"Back","fxa-done":"Done","fxa-ok":"OK","fxa-account-does-not-exist-title":"Account does not exist","fxa-account-does-not-exist-message":"Account does not exist","fxa-cannot-create-account":"Unable to create account","fxa-cannot-create-password":"Unable to reset your Firefox Accounts password right now.","fxa-already-signed-in-title":"User is already signed in","fxa-already-signed-in-message":"There is an user is already signed in Firefox.","fxa-invalid-password-title":"Invalid password","fxa-invalid-password-message":"You have used an invalid password. Please try again with a valid one.","fxa-invalid-email-title":"Invalid email address","fxa-invalid-email-message":"You have used an invalid email address. Please try again with a valid one.","fxa-connection-error-title":"Unable to connect","fxa-connection-error-message":"Unable to connect to Firefox right now. You can sign in or create an account from your phone's settings or try it again.","fxa-reset-password-error-title":"Unable to reset password","fxa-reset-password-error-message":"Your password was not reset. Please try again.","fxa-reset-password-in-settings-title":"Reset Password","fxa-reset-password-in-settings-message":"You can reset your password from your phone's settings.","fxa-generic-error-title":"Unable to connect to Firefox","fxa-generic-error-message":"Unable to connect to Firefox Accounts right now. Try your phone's settings or check your connection to Internet.","fxa-coppa-failure-error-title":"Cannot Create Account","fxa-coppa-failure-error-message":"You must meet certain age requirements to create a Firefox Accounts. <a href='http://www.ftc.gov/news-events/media-resources/protecting-consumer-privacy/kids-privacy-coppa'>Learn more</a>","fxa-coppa-ftu-error-message":"You must meet certain age requirements to create a Firefox Accounts. Try again later from Settings.","fxa-offline-error-title":"Unable to connect to Firefox","fxa-offline-error-message":"Unable to connect to Firefox Accounts right now. Check your phone' settings and your Internet connection.","fxa-unknown-error-title":"Unknown error","fxa-unknown-error-message":"Unknown error","fxa-connecting-to-firefox":"Connecting to Firefox Accounts","fxa-email-input":{"placeholder":"Email"},"fxa-use-email-to-sign-in":"Use your email address to create an account or sign in.","fxa-agree-to-tos-pp":"By proceeding, you agree to our <a href=\"#fxa-tos\">Terms of Service</a> and <a href=\"#fxa-pp\">Privacy Policy</a>","fxa-set-password-title":"Enter your new password","fxa-enter-password-title":"Enter your password","fxa-hello-user":"Hello, <a id=\"fxa-user-email\">hola@email.com</a>","fxa-password-refresh":"Please enter your Firefox Account password for <a id=\"fxa-user-email\">hola@email.com</a> to continue.","fxa-password":{"placeholder":"Password"},"fxa-forgot-password":"I forgot my password","fxa-show-password":"Show password","fxa-authenticating":"Authenticating","fxa-registering":"Registering","fxa-success":"Success!","fxa-ready-to-go":"Your Firefox Account is ready to go! ","fxa-use-services":"Now you can use <span id=\"fxa-summary-email\">email</span> to access services like Marketplace and Where’s My Fox.","fxa-manage-account-settings":"In the future, you can access and manage your account from your phone's settings.","fxa-confirm-account":"Confirm Your Account","fxa-sending-email-to":"We have sent you an email to: <strong id=\"fxa-summary-email\">email</strong>","fxa-tos-header":"Terms of Service","fxa-tos1":"Lorem ipsum dolor sit amet, consectetur adipisicing elit, sed do eiusmod tempor incididunt ut labore et dolore magna aliqua. Ut enim ad minim veniam, quis nostrud exercitation ullamco laboris nisi ut aliquip ex ea commodo consequat. Duis aute irure dolor in reprehenderit in voluptate velit esse cillum dolore eu fugiat nulla pariatur. ","fxa-tos2":"Excepteur sint occaecat qui of fi cia deserunt mollit anim id est laborum.  Lorem ipsum dolor sit amet, consectetur adipisicing elit, sed do eiusmod tempor incididunt ut labore et dolore magna aliqua. Ut enim ad minim veniam,quis nostrud exercitation ullamco laboris nisi ut aliquip ex ea commodo consequat. Duis aute irure dolor in.","fxa-pp-header":"Privacy Policy","fxa-pp1":"Lorem ipsum dolor sit amet, consectetur adipisicing elit, sed do eiusmod tempor incididunt ut labore et dolore magna aliqua. Ut enim ad minim veniam, quis nostrud exercitation ullamco laboris nisi ut aliquip ex ea commodo consequat. Duis aute irure dolor in reprehenderit in voluptate velit esse cillum dolore eu fugiat nulla pariatur. ","fxa-pp2":"Excepteur sint occaecat qui of fi cia deserunt mollit anim id est laborum.  Lorem ipsum dolor sit amet, consectetur adipisicing elit, sed do eiusmod tempor incididunt ut labore et dolore magna aliqua. Ut enim ad minim veniam,quis nostrud exercitation ullamco laboris nisi ut aliquip ex ea commodo consequat. Duis aute irure dolor in.","fxa-age-verification":"Age Verification","fxa-age-1990-earlier":"1990 or earlier","fxa-year-of-birth":"Year of Birth","brandShortName":"B2G OS","browserBrandShortName":"Web Browser","browserBrandFullName":"Mozilla Web Browser","weekday-0-long":"Sunday","weekday-1-long":"Monday","weekday-2-long":"Tuesday","weekday-3-long":"Wednesday","weekday-4-long":"Thursday","weekday-5-long":"Friday","weekday-6-long":"Saturday","weekday-0-short":"Sun","weekday-1-short":"Mon","weekday-2-short":"Tue","weekday-3-short":"Wed","weekday-4-short":"Thu","weekday-5-short":"Fri","weekday-6-short":"Sat","month-0-long":"January","month-1-long":"February","month-2-long":"March","month-3-long":"April","month-4-long":"May","month-5-long":"June","month-6-long":"July","month-7-long":"August","month-8-long":"September","month-9-long":"October","month-10-long":"November","month-11-long":"December","month-0-genitive":"January","month-1-genitive":"February","month-2-genitive":"March","month-3-genitive":"April","month-4-genitive":"May","month-5-genitive":"June","month-6-genitive":"July","month-7-genitive":"August","month-8-genitive":"September","month-9-genitive":"October","month-10-genitive":"November","month-11-genitive":"December","month-0-short":"Jan","month-1-short":"Feb","month-2-short":"Mar","month-3-short":"Apr","month-4-short":"May","month-5-short":"Jun","month-6-short":"Jul","month-7-short":"Aug","month-8-short":"Sep","month-9-short":"Oct","month-10-short":"Nov","month-11-short":"Dec","minutes-ago-long":{"_index":["plural","value"],"_":{"zero":"just now","one":"a minute ago","two":"{{value}} minutes ago","few":"{{value}} minutes ago","many":"{{value}} minutes ago","other":"{{value}} minutes ago"}},"hours-ago-long":{"_index":["plural","value"],"_":{"zero":"just now","one":"an hour ago","two":"{{value}} hours ago","few":"{{value}} hours ago","many":"{{value}} hours ago","other":"{{value}} hours ago"}},"days-ago-long":{"_index":["plural","value"],"_":{"zero":"today","one":"yesterday","two":"{{value}} days ago","few":"{{value}} days ago","many":"{{value}} days ago","other":"{{value}} days ago"}},"weeks-ago-long":{"_index":["plural","value"],"_":{"zero":"this week","one":"last week","two":"{{value}} weeks ago","few":"{{value}} weeks ago","many":"{{value}} weeks ago","other":"{{value}} weeks ago"}},"months-ago-long":{"_index":["plural","value"],"_":{"zero":"this month","one":"last month","two":"{{value}} months ago","few":"{{value}} months ago","many":"{{value}} months ago","other":"{{value}} months ago"}},"years-ago-long":{"_index":["plural","value"],"_":{"zero":"this year","one":"last year","two":"{{value}} years ago","few":"{{value}} years ago","many":"{{value}} years ago","other":"{{value}} years ago"}},"minutes-until-long":{"_index":["plural","value"],"_":{"zero":"now","one":"in a minute","two":"in {{value}} minutes","few":"in {{value}} minutes","many":"in {{value}} minutes","other":"in {{value}} minutes"}},"hours-until-long":{"_index":["plural","value"],"_":{"zero":"now","one":"in an hour","two":"in {{value}} hours","few":"in {{value}} hours","many":"in {{value}} hours","other":"in {{value}} hours"}},"days-until-long":{"_index":["plural","value"],"_":{"zero":"today","one":"tomorrow","two":"in {{value}} days","few":"in {{value}} days","many":"in {{value}} days","other":"in {{value}} days"}},"weeks-until-long":{"_index":["plural","value"],"_":{"zero":"this week","one":"next week","two":"in {{value}} weeks","few":"in {{value}} weeks","many":"in {{value}} weeks","other":"in {{value}} weeks"}},"months-until-long":{"_index":["plural","value"],"_":{"zero":"this month","one":"next month","two":"in {{value}} months","few":"in {{value}} months","many":"in {{value}} months","other":"in {{value}} months"}},"years-until-long":{"_index":["plural","value"],"_":{"zero":"this year","one":"next year","two":"in {{value}} years","few":"in {{value}} years","many":"in {{value}} years","other":"in {{value}} years"}},"minutes-ago-short":{"_index":["plural","value"],"_":{"zero":"just now","other":"{{value}}m ago"}},"hours-ago-short":{"_index":["plural","value"],"_":{"zero":"just now","other":"{{value}}h ago"}},"days-ago-short":{"_index":["plural","value"],"_":{"zero":"today","other":"{{value}}d ago"}},"minutes-until-short":{"_index":["plural","value"],"_":{"zero":"now","other":"in {{value}}m"}},"hours-until-short":{"_index":["plural","value"],"_":{"zero":"now","other":"in {{value}}h"}},"days-until-short":{"_index":["plural","value"],"_":{"zero":"today","other":"in {{value}}d"}},"incorrectDate":"(incorrect date)","dateTimeFormat_%c":"%a %b %e %Y %I:%M:%S %p","dateTimeFormat_%x":"%m/%d/%Y","dateTimeFormat_%X":"%I:%M:%S %p","shortTimeFormat":"%I:%M %p","shortDateTimeFormat":"%x %I:%M %p","weekStartsOnMonday":"0","time_am":"AM","time_pm":"PM","perm-contacts":"Contacts","perm-contacts-appRequest":"{{app}} would like to access your contact list.","perm-contacts-webRequest":"{{site}} would like to access your contact list.","perm-desktop-notification":"Notifications","perm-desktop-notification-appRequest":"{{app}} would like to display notifications.","perm-desktop-notification-webRequest":"{{site}} would like to display notifications.","perm-device-storage-music":"Music Storage","perm-device-storage-music-appRequest":"{{app}} would like to access your music.","perm-device-storage-music-webRequest":"{{site}} would like to access your music.","perm-device-storage-pictures":"Image Storage","perm-device-storage-pictures-appRequest":"{{app}} would like to access your images.","perm-device-storage-pictures-webRequest":"{{site}} would like to access your images.","perm-device-storage-sdcard":"Memory Card Storage","perm-device-storage-sdcard-appRequest":"{{app}} would like to access your memory card.","perm-device-storage-sdcard-webRequest":"{{site}} would like to access your memory card.","perm-device-storage-videos":"Video Storage","perm-device-storage-videos-appRequest":"{{app}} would like to access your videos.","perm-device-storage-videos-webRequest":"{{site}} would like to access your videos.","perm-fmradio":"FM Radio","perm-fmradio-appRequest":"{{app}} would like to use the FM Radio.","perm-fmradio-webRequest":"{{site}} would like to use the FM Radio.","perm-geolocation":"Geolocation","perm-geolocation-appRequest":"{{app}} would like to know your location.","perm-geolocation-webRequest":"{{site}} would like to know your location.","perm-geolocation-more-info":"{{brandShortName}} uses data such as GPS, Wi-Fi, and mobile networks near you to help determine your approximate location. Data is sent to Mozilla and other service providers and will be used in the aggregate to improve those location databases.  Data may be stored on your device and data collection may occur even when no apps are running.","perm-video-capture":"Camera","perm-video-capture-appRequest":"Would you like to share your camera with {{app}}?","perm-video-capture-webRequest":"Would you like to share your camera with {{site}}?","perm-audio-capture":"Microphone","perm-audio-capture-appRequest":"Would you like to share your microphone with {{app}}?","perm-audio-capture-webRequest":"Would you like to share your microphone with {{site}}?","perm-media-capture":"Camera and Microphone","perm-media-capture-appRequest":"Would you like to share your camera and microphone with {{app}}?","perm-media-capture-webRequest":"Would you like to share your camera and microphone with {{site}}?","stopped_download_title":"Download stopped","stopped_download_message":"Download was stopped. Try downloading again?","stopped_download_left_button":"Cancel","stopped_download_right_button":"Try again","failed_download_title":"Download failed","failed_download_message":"{{name}} failed to download. Try downloading again?","failed_download_left_button":"Cancel","failed_download_right_button":"Try again","stop_download_title":"Stop download","stop_download_message":"Are you sure you want to stop the download?","stop_download_left_button":"No","stop_download_right_button":"Yes","delete_download_title":"Delete","delete_download_message":"Delete {{name}}?","delete_download_left_button":"Cancel","delete_download_right_button":"Delete","delete_all_download_title":"Delete","delete_all_download_left_button":"Cancel","delete_all_download_right_button":"Delete","delete_all_download_message":{"_index":["plural","number"],"_":{"zero":"Delete no files?","one":"Delete one file?","two":"Delete {{number}} files?","few":"Delete {{number}} files?","many":"Delete {{number}} files?","other":"Delete {{number}} files?"}},"unsupported_file_type_download_title":"Unable to open","unsupported_file_type_download_message":"There isn’t an app that can open {{name}}. Would you like to save the file or delete it?","unsupported_file_type_download_left_button":"Keep File","unsupported_file_type_download_right_button":"Delete","file_not_found_download_title":"File not found","file_not_found_download_message":"The file wasn’t found on the device","file_not_found_download_right_button":"OK","unmounted_sdcard_2_download_title":"Memory card in use","unmounted_sdcard_2_download_message":"Unplug the phone","unmounted_sdcard_2_download_right_button":"OK","no_provider_download_title":"Unable to share","no_provider_download_message":"No provider found","no_provider_download_right_button":"OK","no_memory_download_title":"SD Card is full","no_memory_download_message":"There is no more room on your SD card to save your download. Please remove some files before restarting the download.","no_memory_download_right_button":"OK","no_sdcard_found_2_download_title":"No memory card found","no_sdcard_found_2_download_message":"Insert a memory card or select an alternate default media location in settings","no_sdcard_found_2_download_right_button":"OK","file_open_error_download_title":"Unable to open","file_open_error_download_message":"There is a problem opening {{name}}. Would you like to save the file or delete it?","file_open_error_download_left_button":"Keep File","file_open_error_download_right_button":"Delete","restart_download_error":"There was an error while restarting the download. Please try to download again.","no-downloads":"No downloads","percentage":"{{percentage}} %","partialResult":"{{partial}} of {{total}}","summary":"{{date}} - {{status}}","download-stopped":"Stopped","download-failed":"Download failed","open_downloaded_file":"Open","share_downloaded_file":"Share","wallpaper_downloaded_file":"Set as wallpaper","ringtone_downloaded_file":"Set as ringtone","cancel_downloaded_file":"Cancel","voicemailNoNumberTitle":"Voicemail number is unavailable","voicemailNoNumberText":"Unable to call the voicemail. Set up the voicemail number to place the call.","voicemailNoNumberSettings":"Settings","voicemailNoNumberCancel":"Cancel"}