{"ok":"OK","back":"Retour","help":"Aide","cancel":"Annuler","close":"Fermer","skip":"Passer","airplaneMode":"Mode avion","searching":"Recherche…","noNetwork":"Pas de réseau","roaming":"{{operator}} (itinérance)","emergencyCallsOnly":"Appels d’urgence uniquement","emergencyCallsOnly-unknownSIMState":"(état SIM inconnu)","emergencyCallsOnly-noSIM":"(aucune carte SIM)","emergencyCallsOnly-pinRequired":"(code PIN requis)","emergencyCallsOnly-pukRequired":"(code PUK requis)","emergencyCallsOnly-networkLocked":"(verrouillage réseau)","emergencyCallsOnly-serviceProviderLocked":"(verrouillage opérateur)","emergencyCallsOnly-corporateLocked":"(verrouillage entreprise)","emergencyCallsOnly-network1Locked":"(network1 locked)","emergencyCallsOnly-network2Locked":"(network2 locked)","emergencyCallsOnly-hrpdNetworkLocked":"(hrpd network locked)","emergencyCallsOnly-ruimCorporateLocked":"(ruim corporate locked)","emergencyCallsOnly-ruimServiceProviderLocked":"(ruim service provider locked)","enterPIN":"Code PIN","mediaPlaybackTitle":{"ariaLabel":"Title"},"mediaPlaybackArtist":{"ariaLabel":"Artist"},"mediaPlaybackControls":{"ariaLabel":"Playback controls"},"mediaPlaybackPrevious":{"ariaLabel":"Previous"},"mediaPlaybackPlay":"Play","mediaPlaybackPause":"Pause","mediaPlaybackNext":{"ariaLabel":"Next"},"wifiButton-on":"Wi-Fi on","wifiButton-on-initializing":"Wi-Fi on, initializing","wifiButton-off":"Wi-Fi off","dataButton-on":"Data {{type}} on","dataButton-off":"Data {{type}} off","bluetoothButton-on":"Bluetooth on","bluetoothButton-on-initializing":"Bluetooth on, initializing","bluetoothButton-off":"Bluetooth off","airplaneMode-on":"Airplane mode on","airplaneMode-off":"Airplane mode off","settingsButton":{"ariaLabel":"Settings"},"utilityTrayGrippy":{"ariaLabel":"Close utility tray"},"statusbarLabel":"{{date}}, {{operator}}","statusbarDateFormat":"%e %b","statusbar":{"ariaLabel":"Status Bar"},"statusbarBattery":"Battery {{level}} percent","statusbarBatteryCharging":"Battery {{level}} percent, charging","statusbarFlightMode":{"ariaLabel":"Airplane mode on"},"statusbarWiFiConnecting":"Wi-Fi: connecting","statusbarWiFiConnected":"Wi-Fi: {{level}} of 4 bars","statusbarSignal":"{{operator}} network, {{level}} of 5 bars","statusbarSignalRoaming":"{{operator}} network (roaming), {{level}} of 5 bars","statusbarSignalNoneSearching":"Searching… Emergency calls only","statusbarHeadphones":{"ariaLabel":"Headphones on"},"statusbarBluetoothHeadphones":{"ariaLabel":"Bluetooth headphones on"},"statusbarBluetoothTransferring":{"ariaLabel":"Bluetooth transfer active"},"statusbarIconOn-tethering":"Tethering on","statusbarIconOnActive-tethering":"Tethering on, active","statusbarAlarm":{"ariaLabel":"Alarm on"},"statusbarIconOn-bluetooth":"Bluetooth on","statusbarIconOnActive-bluetooth":"Bluetooth on, active","statusbarIconOn-mute":"Mute on","statusbarIconOn-vibration":"Vibration on","statusbarRecording":{"ariaLabel":"Recording on"},"statusbarGeolocation":{"ariaLabel":"Geolocation on"},"statusbarUsb":{"ariaLabel":"USB on"},"statusbarForwarding":"Call forwarding on","statusbarPlaying":{"ariaLabel":"Media playing"},"statusbarNfc":{"ariaLabel":"NFC on"},"statusbarDownloads":{"ariaLabel":"Downloading…"},"statusbarNetworkActivity":{"ariaLabel":"Networking on"},"statusbarEmergencyCBNotification":{"ariaLabel":"Emergency callback"},"statusbarNotifications":{"_index":["plural","n"],"_":{"one":"{{n}} notification","two":"{{n}} notifications","few":"{{n}} notifications","many":"{{n}} notifications","other":"{{n}} notifications"}},"statusbarNotifications-unread":{"_index":["plural","n"],"_":{"one":"{{n}} unread notification","two":"{{n}} unread notifications","few":"{{n}} unread notifications","many":"{{n}} unread notifications","other":"{{n}} unread notifications"}},"notifications":"Notifications","clear-all":"Tout effacer","newVoicemails":{"_index":["plural","n"],"_":{"zero":"Aucun nouveau message vocal","one":"Vous avez un nouveau message vocal","two":"Vous avez {{n}} nouveaux messages vocaux","few":"Vous avez {{n}} nouveaux messages vocaux","many":"Vous avez {{n}} nouveaux messages vocaux","other":"Vous avez {{n}} nouveaux messages vocaux"}},"newVoicemailsUnknown":"Nouveau message vocal","dialNumber":"Appeler le {{number}}","voicemailNotificationMultiSim":"(SIM {{n}}) {{title}}","confirmNFCConnectBTenabledNameUnknown":"Are you sure you want to connect to the device?","confirmNFCConnectBTdisabledNameUnknown":"Turn on Bluetooth and connect to the device?","confirmNFCConnectBTenabledNameKnown":"Are you sure you want to connect to {{deviceName}}?","confirmNFCConnectBTdisabledNameKnown":"Turn on Bluetooth and connect to {{deviceName}}?","confirmNFCConnectBTdisabled":"Turn on","dismissNFCConnectBTdisabled":"Cancel","confirmation":"Confirmation","deviceMenu":"Menu système","airplane":"Mode avion","airplaneOff":"Désactiver le mode avion","silent":"Mode silencieux","normal":"Mode normal","restart":"Redémarrer","power":"Éteindre","enableScreenReaderSteps":"Pour activer le lecteur d’écran, répétez à nouveau trois fois la séquence volume + puis volume −","disableScreenReaderSteps":"Pour désactiver le lecteur d’écran, répétez à nouveau trois fois la séquence volume + puis volume −","no-recent-apps":"Aucune application ouverte","yes":"Oui","no":"Non","dontallow":"Don’t allow","allow":"Autoriser","dontshare-geolocation":"Refuser","share-geolocation":"Autoriser","dontshare-audio-capture":"Ne pas partager","share-audio-capture":"Partager","dontshare-video-capture":"Ne pas partager","share-video-capture":"Partager","dontshare-media-capture":"Ne pas partager","share-media-capture":"Partager","device-front":"Caméra avant","device-back":"Caméra arrière","remember-my-choice":"Se souvenir de ce choix","more-info":"Détails…","hide-info":"Masquer","install-app":"Installer {{name}} ?","size":"Taille","author":"Auteur","size-unknown":"inconnue","author-unknown":"inconnu","install":"Installer","bytes":"octets","kB":"Ko","MB":"Mo","GB":"Go","TB":"To","PB":"Po","app-install-generic-error":"Téléchargement de {{ appName }} arrêté","app-install-download-failed":"Échec du téléchargement de {{ appName }}","app-install-install-failed":"Échec de l’installation de {{ appName }}","cancelling-will-not-refund":"Annuler ne remboursera pas un achat. Les remboursements de contenus payants sont effectués par le marchand d’origine.","apps-can-be-installed-later":"Les applications peuvent être installées plus tard depuis la source d’origine.","are-you-sure-you-want-to-cancel":"Voulez-vous vraiment annuler l’installation ?","cancel-install":"Annuler l’installation","cancel-install-button":"Cancel Install","resume":"Reprendre","continue":"Continuer","stopDownloading":"Arrêter le téléchargement de {{ app }} ?","app-download-can-be-restarted":"Le téléchargement pourra être redémarré plus tard.","app-download-stop-button":"Arrêter le téléch.","not-enough-space":"Espace insuffisant","not-enough-space-message":"Il n’y a pas assez d’espace pour installer cette application. Libérez de l’espace en supprimant des médias ou d’anciennes applications puis essayez à nouveau de l’installer depuis la source d’origine.","app-install-success":"{{ appName }} installé","setup":"Configurer","ime-addkeyboards":"Ajouter des claviers","later":"Plus tard","download":"Télécharger","wantToDownload":"Télécharger la mise à jour maintenant ?","wantToInstall":"Installer la mise à jour maintenant ?","installNow":"Installer","notNow":"Plus tard","downloadingUpdateMessage":{"innerHTML":"Téléchargement des mises à jour… <span>{{ progress }} téléchargés.</span>"},"downloadingAppMessage":"Téléchargement de {{ appName }}","downloadingAppProgressNoMax":"{{ progress }} téléchargés","downloadingAppProgressIndeterminate":"Téléchargement en cours","downloadingAppProgress":"{{ progress }} / {{ max }} téléchargés","cancelAllDownloads":"Annuler tous les téléchargements","wantToCancelAll":"Voulez-vous vraiment annuler tous les téléchargements ?","downloadError":"Une erreur s’est produite lors du téléchargement des mises à jour.","updateAvailableInfo":{"innerHTML":{"_index":["plural","n"],"_":{"one":"{{ n }} mise à jour disponible. <span>Appuyer pour plus d’informations.</span>","two":"{{ n }} mises à jour disponibles. <span>Appuyer pour plus d’informations.</span>","few":"{{ n }} mises à jour disponibles. <span>Appuyer pour plus d’informations.</span>","many":"{{ n }} mises à jour disponibles. <span>Appuyer pour plus d’informations.</span>","other":"{{ n }} mises à jour disponibles. <span>Appuyer pour plus d’informations.</span>"}}},"numberOfUpdates":{"_index":["plural","n"],"_":{"one":"{{ n }} mise à jour disponible","two":"{{ n }} mises à jour disponibles","few":"{{ n }} mises à jour disponibles","many":"{{ n }} mises à jour disponibles","other":"{{ n }} mises à jour disponibles"}},"systemUpdate":"Mise à jour système","systemUpdateReady":"Mise à jour système prête","required":"Requise","uncompressingMessage":{"innerHTML":"Décompression… <span>Cela peut prendre quelques minutes.</span>"},"downloadNoWifiWarning":"Wi-Fi non disponible. Mettre à jour depuis votre connexion actuelle pourra entraîner des frais supplémentaires.","downloadOfflineWarning":"Aucune connexion. Connectez-vous à un réseau pour téléch. les mises à jour.","downloadDataConnectionWarning":"Les mises à jour sont téléchargées par la connexion de données lorsque le Wi-Fi n’est pas disponible. Des frais supplémentaires liés aux données peuvent s’appliquer.","downloadUpdatesViaDataConnection":"Télécharger les mises à jour par la connexion de données ?","downloadUpdatesViaDataConnectionMessage":"Les mises à jour sont téléchargées par la connexion de données lorsque le Wi-Fi n’est pas disponible. Lorsque la connexion de données est utilisée, les appels peuvent être bloqués et des frais supplémentaires peuvent s’appliquer.","screenshotSaved":"Capture d’écran enregistrée","screenshotFailed":"Enreg. capture impossible","screenshotNoSDCard":"Aucune carte mémoire installée","screenshotSDCardInUse":"Carte mémoire utilisée","screenshotSDCardLow":"Carte mémoire saturée","emergency-call-button":"Appel d’urgence","emergency-call":"Appel d’urgence","unlock-a11y-button":{"ariaLabel":"Déverrouiller"},"camera-a11y-button":{"ariaLabel":"Appareil photo"},"longDateFormat":"%A %e %Eb","softwareHomeButton":{"ariaLabel":"Accueil"},"login":"Connexion","username":"Utilisateur","password":"Mot de passe","http-authentication-message":"Un identifiant et un mot de passe sont demandés par {{host}}. Le site se présente comme : « {{realm}} »","error-message":"{{name}} ne se charge pas correctement.","error-title":"{{name}} rencontre des problèmes","airplane-is-on":"Le mode avion est activé","airplane-is-turned-on":"{{name}} nécessite une connexion réseau. Désactivez le mode avion dans les paramètres et connectez-vous à un réseau Wi-Fi ou à un réseau de données mobiles.","server-not-found":"Adresse introuvable","server-not-found-error":"Impossible de trouver le serveur à l’adresse {{name}}.","file-not-found":"File not found","file-not-found-error":"The device can’t display this page because the file cannot be found.","connection-failed":"Unable to connect","connection-failed-error":"A network error occurred while trying to reach the site.","invalid-connection":"Unable to connect","invalid-connection-error":"A network error occurred while trying to reach the site.","malformed-uri":"URL not valid","malformed-uri-error":"The URL entered is not valid and cannot be loaded.","redirect-loop":"Can’t display page","redirect-loop-error":"The device can’t display this page because the page is not redirecting properly. Try this page again at a later time.","not-cached":"Page expired","not-cached-error":"As a security precaution, this page cannot be displayed by the device because it has expired.","is-printing-error":"The document cannot change while Printing or in Print Preview.","denied-port-access":"This address is restricted","denied-port-access-error":"This address uses a network port which is normally used for purposes other than Web browsing. The device has cancelled the request for your protection.","proxy-resolve-failure":"Proxy Server Error","proxy-resolve-failure-error":"The device is configured to use a proxy server that can’t be found.","proxy-connect-failure":"Proxy Server Error","proxy-connect-failure-error":"The device is configured to use a proxy server that is refusing connections.","content-encoding":"Can’t display page","content-encoding-error":"The device can’t display this page because a content encoding error occurred.","remote-xul":"Page unsupported","remote-xul-error":"This page can’t be displayed because it uses a technology that is not supported on the device.","phishing-blocked":"Warning","phishing-blocked-error":"The website has been reported as a web forgery designed to trick users into sharing personal or financial information.","malware-blocked":"Malware attack blocked","malware-blocked-error":"The site at has been reported as an attack site and has been blocked.","unsafe-content-type":"Unsafe content","unsafe-content-type-error":"The page cannot be shown because it may not be safe to open.","corrupted-content":"Can’t display page","corrupted-content-error":"The page cannot be shown because an error in the data transmission was detected.","network-connection-unavailable":"Aucune connexion réseau","network-error":"{{name}} nécessite une connexion réseau. Essayez de vous connecter à un réseau Wi-Fi ou à un réseau de données mobiles.","network-error-launching":"{{name}} nécessite une connexion Internet.","network-error-in-app":"Aucun accès à Internet.","unable-to-connect":"Connexion impossible","try-again":"Réessayer","check-settings":"Vérifier les paramètres","tap-to-check-settings":"Appuyer pour vérifier les paramètres","select-time":"Sélectionner l’heure","choose-option":"Sélectionner","choose-options":"Sélectionner","select-day":"Sélectionner le jour","battery-almost-empty":"Batterie presque vide","add-to-home-screen":"Ajouter à l’écran d’accueil","share":"Share","crash-dialog2-os":"{{brandShortName}} vient de se remettre d’un plantage","crash-dialog-app":"{{name}} a planté","crash-dialog-message":"Voulez-vous envoyer un rapport à Mozilla concernant ce plantage pour nous aider à résoudre ce problème ? (Les rapports ne sont envoyés que par Wi-Fi.)","crash-info-link":"Que contient un rapport de plantage ?","crash-always-report":"Toujours envoyer un rapport à Mozilla lorsqu’un plantage se produit.","crash-dont-send":"Ne pas envoyer","crash-end":"Envoyer rapport","crashReports":"Rapports de plantage","done":"Fini","crash-reports-description-1":"Un rapport de plantage contient des détails concernant le plantage et votre appareil, ainsi qu’un instantané de l’état de votre appareil lors du plantage.","crash-reports-description-2":"Il peut inclure différentes choses comme les applications et pages ouvertes, le texte saisi dans les formulaires et le contenu des messages ouverts, l’historique de navigation récent, ou la géolocalisation utilisée par une application ouverte.","crash-reports-description-3-start":"Nous utilisons les rapports de plantage pour essayer de résoudre les problèmes et améliorer nos logiciels. Nous gérons vos informations comme décrit dans notre ","crash-reports-description-3-privacy":"politique de confidentialité","crash-reports-description-3-end":".","crash-banner-os2":"{{brandShortName}} a planté.","crash-banner-app":"{{name}} a planté.","crash-banner-report":"Rapporter","bluetooth-sending-progress":"Début d’un transfert Bluetooth…","bluetooth-receiving-progress":"Réception d’un transfert Bluetooth…","acceptFileTransfer":"Accepter le transfert de fichier par Bluetooth ?","wantToReceiveFile":"{{deviceName}} souhaite transférer {{fileName}} ({{fileSize}}).","transfer-confirmation-title":"{{deviceName}}","transfer-confirmation-description":"Répondre à la demande de transfert.","byteUnit-B":"o","byteUnit-KB":"Ko","byteUnit-MB":"Mo","byteUnit-GB":"Go","byteUnit-TB":"To","byteUnit-PB":"Po","byteUnit-EB":"Eo","byteUnit-ZB":"Zo","byteUnit-YB":"Yo","fileSize":"{{size}} {{unit}}","deny":"Refuser","transfer":"Transférer","cancelFileTransfer":"Annuler le transfert de fichier par Bluetooth ?","continueFileTransfer":"Continue","transfer-has-started-title":"Le transfert a été lancé","transfer-has-started-description":"Progression dans centre de notifications","transferFinished-sentSuccessful-title":"Fichier envoyé","transferFinished-receivedSuccessful-title":"Fichier reçu","transferFinished-sentFailed-title":"Envoi fichier impossible","transferFinished-receivedFailed-title":"Réception fichier impossible","transferReport-title":"Résultats du transfert :","transferReport-description":"{{numSuccessful}} succès, {{numUnsuccessful}} échecs","unknown-file":"Fichier inconnu","unknown-device":"Appareil inconnu","cannotOpenFile":"Impossible d’ouvrir le fichier reçu","unknownMediaTypeToOpen":"Impossible d’ouvrir le média au format inconnu :","cannotReceiveFile":"Réception fichier impossible","cannotGetStorageState":"Impossible de connaître l’état de l’espace de stockage.","sdcard-not-exist2":"Aucune carte mémoire détectée. Veuillez insérer une carte mémoire.","sdcard-in-use":"L’application Bluetooth ne peut pas être utilisée tant que le téléphone est branché. Débranchez le téléphone pour recevoir des fichiers.","sdcard-no-space2":"Impossible de terminer le transfert : la carte mémoire est pleine.","unknown-error":"Erreur inconnue","confirm":"Confirmer","microphone-is-on":"Micro activé","camera-is-on":"Caméra activée","media-is-on":"Caméra et micro activés","noSimCard":"Aucune carte SIM","simPin":"Code PIN carte SIM","pukCode":"Code PUK","nckCode":"Code NCK","cckCode":"Code CCK","spckCode":"Code SPCK","nck1code":"NCK1 code","nck2code":"NCK2 code","hnckcode":"HNCK code","rcckcode":"RCCK code","rspckcode":"RSPCK code","whatIsSimPin":"Qu’est-ce qu’un code PIN ?","simPinIntro1":"Le code PIN de la carte SIM empêche l’accès aux données réseau de votre carte SIM. Quand il est activé, tout appareil équipé de cette carte SIM réclamera le code PIN au démarrage.","simPinIntro2":"Un code PIN de carte SIM est différent du code destiné à déverrouiller l’appareil.","changeSimPin":"Changer de code PIN","pinTitle":"Saisir le code PIN","multiSIMpinTitle":"Saisir le code PIN de la SIM {{n}}","pukTitle":"Saisir le code PUK","nckTitle":"Saisir le code NCK","cckTitle":"Saisir le code CCK","spckTitle":"Saisir le code SPCK","nck1Title":"Enter NCK1 code","nck2Title":"Enter NCK2 code","hnckTitle":"Enter HNCK code","rcckTitle":"Enter RCCK code","rspckTitle":"Enter RSPCK code","newpinTitle":"Nouveau code PIN","inputCodeRetriesLeft":{"_index":["plural","n"],"_":{"one":"Dernier essai.","two":"{{n}} essais restants.","few":"{{n}} essais restants.","many":"{{n}} essais restants.","other":"{{n}} essais restants."}},"pinErrorMsg":"Le code PIN est incorrect.","pinAttemptMsg2":{"_index":["plural","n"],"_":{"one":"C’est votre dernier essai autorisé pour saisir le code correct avant de bloquer la carte SIM.","two":"Il vous reste {{n}} essais pour saisir le code correct avant de bloquer la carte SIM.","few":"Il vous reste {{n}} essais pour saisir le code correct avant de bloquer la carte SIM.","many":"Il vous reste {{n}} essais pour saisir le code correct avant de bloquer la carte SIM.","other":"Il vous reste {{n}} essais pour saisir le code correct avant de bloquer la carte SIM."}},"pinLastChanceMsg":"C’est votre dernier essai autorisé pour saisir le code PIN correct. Sinon, vous devrez saisir le code PUK pour utiliser cette carte SIM.","simCardLockedMsg":"La carte SIM est verrouillée.","enterPukMsg":"Vous devez saisir la Personal Unlocking Key (PUK, soit Clé personnelle de déblocage) pour la carte SIM. Veuillez vous référer à la documentation associée à votre carte SIM ou contacter votre opérateur pour en savoir plus.","pukErrorMsg":"Le code PUK est incorrect.","pukAttemptMsg2":{"_index":["plural","n"],"_":{"one":"C’est votre dernier essai autorisé pour saisir le code correct avant que cette carte SIM ne devienne définitivement inutilisable. Veuillez vous référer à la documentation associée à votre carte SIM ou contacter votre opérateur pour en savoir plus.","two":"Il vous reste {{n}} essais pour saisir le code correct avant que cette carte SIM ne devienne définitivement inutilisable. Veuillez vous référer à la documentation associée à votre carte SIM ou contacter votre opérateur pour en savoir plus.","few":"Il vous reste {{n}} essais pour saisir le code correct avant que cette carte SIM ne devienne définitivement inutilisable. Veuillez vous référer à la documentation associée à votre carte SIM ou contacter votre opérateur pour en savoir plus.","many":"Il vous reste {{n}} essais pour saisir le code correct avant que cette carte SIM ne devienne définitivement inutilisable. Veuillez vous référer à la documentation associée à votre carte SIM ou contacter votre opérateur pour en savoir plus.","other":"Il vous reste {{n}} essais pour saisir le code correct avant que cette carte SIM ne devienne définitivement inutilisable. Veuillez vous référer à la documentation associée à votre carte SIM ou contacter votre opérateur pour en savoir plus."}},"pukLastChanceMsg":"C’est votre dernier essai autorisé pour saisir le code PUK correct. Votre carte SIM deviendra définitivement inutilisable si vous saisissez un code PUK incorrect. Veuillez vous référer à la documentation associée à votre carte SIM ou contacter votre opérateur pour en savoir plus.","newSimPinMsg":"Nouveau code PIN (4 à 8 chiffres)","confirmNewSimPinMsg":"Confirmer le nouveau code PIN","newPinErrorMsg":"Les codes PIN ne correspondent pas.","nckErrorMsg":"Le code NCK est incorrect.","nckAttemptMsg2":{"_index":["plural","n"],"_":{"one":"La dépersonnalisation du réseau a échoué. C’est votre dernier essai autorisé pour saisir le code correct. Veuillez vous référer à la documentation de l’appareil ou contacter votre opérateur pour en savoir plus.","two":"La dépersonnalisation du réseau a échoué. Il vous reste {{n}} essais pour saisir le code correct. Veuillez vous référer à la documentation de l’appareil ou contacter votre opérateur pour en savoir plus.","few":"La dépersonnalisation du réseau a échoué. Il vous reste {{n}} essais pour saisir le code correct. Veuillez vous référer à la documentation de l’appareil ou contacter votre opérateur pour en savoir plus.","many":"La dépersonnalisation du réseau a échoué. Il vous reste {{n}} essais pour saisir le code correct. Veuillez vous référer à la documentation de l’appareil ou contacter votre opérateur pour en savoir plus.","other":"La dépersonnalisation du réseau a échoué. Il vous reste {{n}} essais pour saisir le code correct. Veuillez vous référer à la documentation de l’appareil ou contacter votre opérateur pour en savoir plus."}},"nckLastChanceMsg":"La dépersonnalisation du réseau a échoué. C’est votre dernier essai autorisé pour saisir le code NCK correct. Veuillez vous référer à la documentation de l’appareil ou contacter votre opérateur pour en savoir plus.","activity-pick":"Sélectionner depuis :","activity-view":"Afficher avec :","activity-test":"Tester avec :","activity-share":"Partager avec :","activity-new":"Créer avec :","activity-open":"Ouvrir avec :","activity-save-bookmark":"Ajouter marque-page pour :","activity-record":"Enregistrer depuis :","activity-browse":"Ouvrir avec :","activity-configure":"Configurer avec :","activity-dial":"Composer depuis :","persona-signin":"Identification","payment-flow":"Acheter","remoteDebuggerMessage":"Une requête entrante pour permettre une connexion de débogage à distance a été détectée. Autoriser la connexion ?","fullscreen-request":"{{origin}} est maintenant affiché en mode plein écran.","captive-wifi-available":"Réseau {{networkName}} détecté. Rejoindre ce réseau ?","ceWarningtitle":"Avertissement concernant le volume","ceWarningcontent":"Afin d’éviter d’éventuelles lésions auditives, n’écoutez pas de musique à un volume élevé pendant de longues périodes.","notification-powersaving-mode-on-title":"Mode économie d’énergie","notification-powersaving-mode-on-description":"Le mode économie d’énergie est activé.","low-device-storage":"L’espace libre sur l’appareil est faible.\\n","free-space":{"_index":["plural","value"],"_":{"zero":"Mémoire saturée.","one":"Moins de {{value}} {{unit}} restant.","two":"Moins de {{value}} {{unit}} restants.","few":"Moins de {{value}} {{unit}} restants.","many":"Moins de {{value}} {{unit}} restants.","other":"Moins de {{value}} {{unit}} restants."}},"unknown-free-space":"Espace libre inconnu.","system-alert":"Alerte système","cb-channel":"Canal {{channel}}","icc-message-title":"Message opérateur depuis la SIM {{id}}","icc-confirmCall-defaultmessage":"Appeler le {{number}} ?","icc-alertMessage-defaultmessage":"Envoi du message","icc-confirmMessage-defaultmessage":"Envoyer le message ?","icc-inputbox-title":"Requête STK depuis la SIM {{id}}","emergency-callback-mode":"Mode de rappel d’urgence","emergency-callback-message":"Vous ne pouvez pouvez pas passer d’appels, envoyer de messages ou vous connecter car le mode de rappel d’urgence est activé. Souhaitez-vous le désactiver ?","cdma-record-info":"Informations d’enregistrement CDMA","ime-switching-title":"{{appName}} : {{name}}","ime-switching-tip":"Appuyer pour changer mode saisie","shrinking-tip":"Faire glisser pour partager","download_started":"Téléchargement démarré","download_stopped":"Téléchargement arrêté","download_downloading":"Téléchargement…","download_succeeded":"Téléchargement terminé","download_failed":"Le téléchargement a échoué","download_text_by_default":"{{name}}","download_downloading_text_2":"{{percentage}} % - {{name}}","search-or-enter-address":{"_":"Search or enter address","placeholder":"Search or enter address"},"noSIMCardInHotspot":"Point d’accès Wi-Fi désactivé car la carte SIM est absente ou mal insérée","open-in-new-tab":"Open link in new tab","add-link-to-home-screen":"Add link to home screen","share-link":"Share link","save-image":"Save Image","save-video":"Save Video","firefox-accounts-title":"Firefox Accounts","fxa-next":"Next","fxa-back":"Back","fxa-done":"Done","fxa-ok":"OK","fxa-account-does-not-exist-title":"Account does not exist","fxa-account-does-not-exist-message":"Account does not exist","fxa-cannot-create-account":"Unable to create account","fxa-cannot-create-password":"Unable to reset your Firefox Accounts password right now.","fxa-already-signed-in-title":"User is already signed in","fxa-already-signed-in-message":"There is an user is already signed in Firefox.","fxa-invalid-password-title":"Invalid password","fxa-invalid-password-message":"You have used an invalid password. Please try again with a valid one.","fxa-invalid-email-title":"Invalid email address","fxa-invalid-email-message":"You have used an invalid email address. Please try again with a valid one.","fxa-connection-error-title":"Unable to connect","fxa-connection-error-message":"Unable to connect to Firefox right now. You can sign in or create an account from your phone's settings or try it again.","fxa-reset-password-error-title":"Unable to reset password","fxa-reset-password-error-message":"Your password was not reset. Please try again.","fxa-reset-password-in-settings-title":"Reset Password","fxa-reset-password-in-settings-message":"You can reset your password from your phone's settings.","fxa-generic-error-title":"Unable to connect to Firefox","fxa-generic-error-message":"Unable to connect to Firefox Accounts right now. Try your phone's settings or check your connection to Internet.","fxa-coppa-failure-error-title":"Cannot Create Account","fxa-coppa-failure-error-message":"You must meet certain age requirements to create a Firefox Accounts. <a href='http://www.ftc.gov/news-events/media-resources/protecting-consumer-privacy/kids-privacy-coppa'>Learn more</a>","fxa-coppa-ftu-error-message":"You must meet certain age requirements to create a Firefox Accounts. Try again later from Settings.","fxa-offline-error-title":"Unable to connect to Firefox","fxa-offline-error-message":"Unable to connect to Firefox Accounts right now. Check your phone' settings and your Internet connection.","fxa-unknown-error-title":"Unknown error","fxa-unknown-error-message":"Unknown error","fxa-connecting-to-firefox":"Connecting to Firefox Accounts","fxa-email-input":{"placeholder":"Email"},"fxa-use-email-to-sign-in":"Use your email address to create an account or sign in.","fxa-agree-to-tos-pp":"By proceeding, you agree to our <a href=\"#fxa-tos\">Terms of Service</a> and <a href=\"#fxa-pp\">Privacy Policy</a>","fxa-set-password-title":"Enter your new password","fxa-enter-password-title":"Enter your password","fxa-hello-user":"Hello, <a id=\"fxa-user-email\">hola@email.com</a>","fxa-password-refresh":"Please enter your Firefox Account password for <a id=\"fxa-user-email\">hola@email.com</a> to continue.","fxa-password":{"placeholder":"Password"},"fxa-forgot-password":"I forgot my password","fxa-show-password":"Show password","fxa-authenticating":"Authenticating","fxa-registering":"Registering","fxa-success":"Success!","fxa-ready-to-go":"Your Firefox Account is ready to go! ","fxa-use-services":"Now you can use <span id=\"fxa-summary-email\">email</span> to access services like Marketplace and Where’s My Fox.","fxa-manage-account-settings":"In the future, you can access and manage your account from your phone's settings.","fxa-confirm-account":"Confirm Your Account","fxa-sending-email-to":"We have sent you an email to: <strong id=\"fxa-summary-email\">email</strong>","fxa-tos-header":"Terms of Service","fxa-tos1":"Lorem ipsum dolor sit amet, consectetur adipisicing elit, sed do eiusmod tempor incididunt ut labore et dolore magna aliqua. Ut enim ad minim veniam, quis nostrud exercitation ullamco laboris nisi ut aliquip ex ea commodo consequat. Duis aute irure dolor in reprehenderit in voluptate velit esse cillum dolore eu fugiat nulla pariatur. ","fxa-tos2":"Excepteur sint occaecat qui of fi cia deserunt mollit anim id est laborum.  Lorem ipsum dolor sit amet, consectetur adipisicing elit, sed do eiusmod tempor incididunt ut labore et dolore magna aliqua. Ut enim ad minim veniam,quis nostrud exercitation ullamco laboris nisi ut aliquip ex ea commodo consequat. Duis aute irure dolor in.","fxa-pp-header":"Privacy Policy","fxa-pp1":"Lorem ipsum dolor sit amet, consectetur adipisicing elit, sed do eiusmod tempor incididunt ut labore et dolore magna aliqua. Ut enim ad minim veniam, quis nostrud exercitation ullamco laboris nisi ut aliquip ex ea commodo consequat. Duis aute irure dolor in reprehenderit in voluptate velit esse cillum dolore eu fugiat nulla pariatur. ","fxa-pp2":"Excepteur sint occaecat qui of fi cia deserunt mollit anim id est laborum.  Lorem ipsum dolor sit amet, consectetur adipisicing elit, sed do eiusmod tempor incididunt ut labore et dolore magna aliqua. Ut enim ad minim veniam,quis nostrud exercitation ullamco laboris nisi ut aliquip ex ea commodo consequat. Duis aute irure dolor in.","fxa-age-verification":"Age Verification","fxa-age-1990-earlier":"1990 or earlier","fxa-year-of-birth":"Year of Birth","brandShortName":"B2G OS","browserBrandShortName":"Navigateur web","browserBrandFullName":"Navigateur web de Mozilla","weekday-0-long":"Dimanche","weekday-1-long":"Lundi","weekday-2-long":"Mardi","weekday-3-long":"Mercredi","weekday-4-long":"Jeudi","weekday-5-long":"Vendredi","weekday-6-long":"Samedi","weekday-0-short":"dim","weekday-1-short":"lun","weekday-2-short":"mar","weekday-3-short":"mer","weekday-4-short":"jeu","weekday-5-short":"ven","weekday-6-short":"sam","month-0-long":"Janvier","month-1-long":"Février","month-2-long":"Mars","month-3-long":"Avril","month-4-long":"Mai","month-5-long":"Juin","month-6-long":"Juillet","month-7-long":"Août","month-8-long":"Septembre","month-9-long":"Octobre","month-10-long":"Novembre","month-11-long":"Décembre","month-0-genitive":"janvier","month-1-genitive":"février","month-2-genitive":"mars","month-3-genitive":"avril","month-4-genitive":"mai","month-5-genitive":"juin","month-6-genitive":"juillet","month-7-genitive":"août","month-8-genitive":"septembre","month-9-genitive":"octobre","month-10-genitive":"novembre","month-11-genitive":"décembre","month-0-short":"jan.","month-1-short":"fév.","month-2-short":"mars","month-3-short":"avr.","month-4-short":"mai","month-5-short":"juin","month-6-short":"juil.","month-7-short":"août","month-8-short":"sep.","month-9-short":"oct.","month-10-short":"nov.","month-11-short":"déc.","minutes-ago-long":{"_index":["plural","value"],"_":{"zero":"à l’instant","one":"il y a {{value}} minute","two":"il y a {{value}} minutes","few":"il y a {{value}} minutes","many":"il y a {{value}} minutes","other":"il y a {{value}} minutes"}},"hours-ago-long":{"_index":["plural","value"],"_":{"zero":"à l’instant","one":"il y a {{value}} heure","two":"il y a {{value}} heures","few":"il y a {{value}} heures","many":"il y a {{value}} heures","other":"il y a {{value}} heures"}},"days-ago-long":{"_index":["plural","value"],"_":{"zero":"aujourd’hui","one":"hier","two":"il y a {{value}} jours","few":"il y a {{value}} jours","many":"il y a {{value}} jours","other":"il y a {{value}} jours"}},"weeks-ago-long":{"_index":["plural","value"],"_":{"zero":"cette semaine","one":"la semaine dernière","two":"il y a {{value}} semaines","few":"il y a {{value}} semaines","many":"il y a {{value}} semaines","other":"il y a {{value}} semaines"}},"months-ago-long":{"_index":["plural","value"],"_":{"zero":"ce mois-ci","one":"le mois dernier","two":"il y a {{value}} mois","few":"il y a {{value}} mois","many":"il y a {{value}} mois","other":"il y a {{value}} mois"}},"years-ago-long":{"_index":["plural","value"],"_":{"zero":"cette année","one":"l’année dernière","two":"il y a {{value}} ans","few":"il y a {{value}} ans","many":"il y a {{value}} ans","other":"il y a {{value}} ans"}},"minutes-until-long":{"_index":["plural","value"],"_":{"zero":"maintenant","one":"dans {{value}} minute","two":"dans {{value}} minutes","few":"dans {{value}} minutes","many":"dans {{value}} minutes","other":"dans {{value}} minutes"}},"hours-until-long":{"_index":["plural","value"],"_":{"zero":"maintenant","one":"dans {{value}} heure","two":"dans {{value}} heures","few":"dans {{value}} heures","many":"dans {{value}} heures","other":"dans {{value}} heures"}},"days-until-long":{"_index":["plural","value"],"_":{"zero":"aujourd’hui","one":"demain","two":"dans {{value}} jours","few":"dans {{value}} jours","many":"dans {{value}} jours","other":"dans {{value}} jours"}},"weeks-until-long":{"_index":["plural","value"],"_":{"zero":"cette semaine","one":"la semaine prochaine","two":"dans {{value}} semaines","few":"dans {{value}} semaines","many":"dans {{value}} semaines","other":"dans {{value}} semaines"}},"months-until-long":{"_index":["plural","value"],"_":{"zero":"ce mois-ci","one":"le mois prochain","two":"dans {{value}} mois","few":"dans {{value}} mois","many":"dans {{value}} mois","other":"dans {{value}} mois"}},"years-until-long":{"_index":["plural","value"],"_":{"zero":"cette année","one":"l’année prochaine","two":"dans {{value}} ans","few":"dans {{value}} ans","many":"dans {{value}} ans","other":"dans {{value}} ans"}},"minutes-ago-short":{"_index":["plural","value"],"_":{"zero":"à l’instant","other":"il y a {{value}} min"}},"hours-ago-short":{"_index":["plural","value"],"_":{"zero":"à l’instant","other":"il y a {{value}}h"}},"days-ago-short":{"_index":["plural","value"],"_":{"zero":"aujourd’hui","other":"il y a {{value}}j"}},"minutes-until-short":{"_index":["plural","value"],"_":{"zero":"maintenant","other":"dans {{value}}m"}},"hours-until-short":{"_index":["plural","value"],"_":{"zero":"maintenant","other":"dans {{value}}h"}},"days-until-short":{"_index":["plural","value"],"_":{"zero":"aujourd’hui","other":"dans {{value}}j"}},"incorrectDate":"(date incorrecte)","dateTimeFormat_%c":"%a %e %b %Y %H:%M:%S","dateTimeFormat_%x":"%d/%m/%Y","dateTimeFormat_%X":"%H:%M:%S","shortTimeFormat":"%H:%M","shortDateTimeFormat":"%x %H:%M","weekStartsOnMonday":"1","time_am":"AM","time_pm":"PM","perm-contacts":"Contacts","perm-contacts-appRequest":"L’application {{app}} souhaite accéder à votre liste de contacts.","perm-contacts-webRequest":"{{site}} souhaite accéder à votre liste de contacts.","perm-desktop-notification":"Notifications","perm-desktop-notification-appRequest":"L’application {{app}} souhaite afficher des notifications.","perm-desktop-notification-webRequest":"{{site}} souhaite afficher des notifications.","perm-device-storage-music":"Stockage musique","perm-device-storage-music-appRequest":"L’application {{app}} souhaite accéder à votre musique.","perm-device-storage-music-webRequest":"{{site}} souhaite accéder à votre musique.","perm-device-storage-pictures":"Stockage images","perm-device-storage-pictures-appRequest":"L’application {{app}} souhaite accéder à vos images.","perm-device-storage-pictures-webRequest":"{{site}} souhaite accéder à vos images.","perm-device-storage-sdcard":"Stockage carte mémoire","perm-device-storage-sdcard-appRequest":"L’application {{app}} souhaite accéder à votre carte mémoire.","perm-device-storage-sdcard-webRequest":"{{site}} souhaite accéder à votre carte mémoire.","perm-device-storage-videos":"Stockage vidéos","perm-device-storage-videos-appRequest":"L’application {{app}} souhaite accéder à vos vidéos.","perm-device-storage-videos-webRequest":"{{site}} souhaite accéder à vos vidéos.","perm-fmradio":"Radio FM","perm-fmradio-appRequest":"L’application {{app}} souhaite utiliser la radio FM.","perm-fmradio-webRequest":"{{site}} souhaite utiliser la radio FM.","perm-geolocation":"Géolocalisation","perm-geolocation-appRequest":"L’application {{app}} souhaite connaître votre position.","perm-geolocation-webRequest":"{{site}} souhaite connaître votre position.","perm-geolocation-more-info":"{{brandShortName}} utilise les données du GPS, du Wi-Fi et des antennes de téléphonie mobile environnantes pour déterminer approximativement votre position. Les données sont envoyées à Mozilla ainsi qu’à d’autres fournisseurs de services et sont mises en commun afin d’améliorer la précision des positions. Les données peuvent être stockées sur votre appareil et des données peuvent être collectées même lorsqu’aucune application n’est exécutée.","perm-video-capture":"Caméra","perm-video-capture-appRequest":"Voulez-vous partager votre caméra avec l’application {{app}} ?","perm-video-capture-webRequest":"Voulez-vous partager votre caméra avec {{site}} ?","perm-audio-capture":"Microphone","perm-audio-capture-appRequest":"Voulez-vous partager votre microphone avec l’application {{app}} ?","perm-audio-capture-webRequest":"Voulez-vous partager votre microphone avec {{site}} ?","perm-media-capture":"Caméra et microphone","perm-media-capture-appRequest":"Voulez-vous partager votre caméra et votre microphone avec l’application {{app}} ?","perm-media-capture-webRequest":"Voulez-vous partager votre caméra et votre microphone avec {{site}} ?","stopped_download_title":"Téléchargement arrêté","stopped_download_message":"Le téléchargement a été arrêté. Voulez-vous relancer le téléchargement ?","stopped_download_left_button":"Annuler","stopped_download_right_button":"Relancer","failed_download_title":"Échec du téléchargement","failed_download_message":"Le téléchargement de {{name}} a échoué. Voulez-vous relancer le téléchargement ?","failed_download_left_button":"Annuler","failed_download_right_button":"Relancer","stop_download_title":"Arrêter le téléchargement","stop_download_message":"Voulez-vous vraiment arrêter le téléchargement ?","stop_download_left_button":"Non","stop_download_right_button":"Oui","delete_download_title":"Suppression","delete_download_message":"Supprimer {{name}} ?","delete_download_left_button":"Annuler","delete_download_right_button":"Supprimer","delete_all_download_title":"Suppression","delete_all_download_left_button":"Annuler","delete_all_download_right_button":"Supprimer","delete_all_download_message":{"_index":["plural","number"],"_":{"zero":"Ne supprimer aucun fichier ?","one":"Supprimer le fichier ?","two":"Supprimer {{number}} fichiers ?","few":"Supprimer {{number}} fichiers ?","many":"Supprimer {{number}} fichiers ?","other":"Supprimer {{number}} fichiers ?"}},"unsupported_file_type_download_title":"Ouverture impossible","unsupported_file_type_download_message":"Aucune application n’est capable d’ouvrir {{name}}. Voulez-vous enregistrer le fichier ou le supprimer ?","unsupported_file_type_download_left_button":"Conserver","unsupported_file_type_download_right_button":"Supprimer","file_not_found_download_title":"Fichier introuvable","file_not_found_download_message":"Le fichier est introuvable sur l’appareil","file_not_found_download_right_button":"OK","unmounted_sdcard_2_download_title":"Carte mémoire utilisée","unmounted_sdcard_2_download_message":"Veuillez débrancher le téléphone","unmounted_sdcard_2_download_right_button":"OK","no_provider_download_title":"Partage impossible","no_provider_download_message":"Aucun service disponible","no_provider_download_right_button":"OK","no_memory_download_title":"Carte SD pleine","no_memory_download_message":"Il n’y a plus assez de place sur votre carte SD pour enregistrer votre téléchargement. Veuillez supprimer quelques fichiers avant de relancer le téléchargement.","no_memory_download_right_button":"OK","no_sdcard_found_2_download_title":"Aucune carte mémoire détectée","no_sdcard_found_2_download_message":"Insérez une carte mémoire ou sélectionnez dans les paramètres un autre emplacement par défaut pour les médias","no_sdcard_found_2_download_right_button":"OK","file_open_error_download_title":"Ouverture impossible","file_open_error_download_message":"Un problème est survenu lors de l’ouverture de {{name}}. Voulez-vous conserver le fichier ou le supprimer ?","file_open_error_download_left_button":"Conserver","file_open_error_download_right_button":"Supprimer","restart_download_error":"Une erreur s’est produite lors de la reprise du téléchargement. Veuillez relancer le téléchargement.","no-downloads":"Aucun téléchargement","percentage":"{{percentage}} %","partialResult":"{{partial}} sur {{total}}","summary":"{{date}} - {{status}}","download-stopped":"Arrêté","download-failed":"Le téléchargement a échoué","open_downloaded_file":"Ouvrir","share_downloaded_file":"Partager","wallpaper_downloaded_file":"Définir comme fond d’écran","ringtone_downloaded_file":"Définir comme sonnerie","cancel_downloaded_file":"Annuler","voicemailNoNumberTitle":"Le numéro de la messagerie vocale est indisponible","voicemailNoNumberText":"Impossible d’appeler la messagerie vocale. Veuillez renseigner le numéro de la messagerie afin de passer l’appel.","voicemailNoNumberSettings":"Paramètres","voicemailNoNumberCancel":"Annuler"}