{"bluetooth":"Bluetooth","confirmation":"Confirmation","bluetooth-status-description":"Le Bluetooth est désactivé","turn-bluetooth-on":"Voulez-vous activer le Bluetooth ?","cancel":"Annuler","turn-on":"Activer","error-transfer-title":"Échec du transfert par Bluetooth","error-transfer-settings":"Échec du transfert du fichier par Bluetooth. Vérifiez que les paramètres Bluetooth sont corrects.","ok":"OK","bluetooth-paired-devices":"Appareils associés","bluetooth-devices-in-area":"Appareils à proximité","device-status-tap-connect":"Appuyer pour établir la connexion","device-status-pairing":"Association avec l’appareil…","device-status-waiting":"En attente de l’autre appareil…","device-status-paired":"Associé","device-status-connecting":"Connexion…","device-status-connected":"Connecté","search-for-device":"Recherche d’appareils…","search-device":"Rechercher des appareils","unnamed-device":"Appareil inconnu","error-pair-title":"Impossible d’associer les appareils","error-pair-pincode":"Impossible de s’associer avec l’appareil. Vérifiez que le code PIN est correct.","error-pair-toofast":"Impossible de s’associer avec l’appareil. Demandes trop nombreuses.","pair":"Pair","active-pair":"Confirm devices to pair","active-pair-confirmation":"To pair with {{device}}, make sure that both devices currently have the following PIN displayed:","active-pair-pincode":"To pair with {{device}}, enter the PIN on the device.","active-pair-passkey":"To pair with {{device}}, enter the passkey on the device.","passive-pair":"Bluetooth pairing request","passive-pair-confirmation":"{{device}} would like to pair with this phone. To accept, make sure that both devices currently have the following PIN displayed:","passive-pair-pincode":"{{device}} would like to pair with this phone. To accept, enter the PIN on the device.","passive-pair-passkey":"{{device}} would like to pair with this phone. To accept, enter the passkey on the device.","pair-view-title":"Bluetooth Request From"}