{"bluetooth":"Ɓŀŭŭḗḗŧǿǿǿǿŧħ","confirmation":"Ƈǿǿƞƒīīřḿȧȧŧīīǿǿƞ","bluetooth-status-description":"Ɓŀŭŭḗḗŧǿǿǿǿŧħ īīş ḓīīşȧȧƀŀḗḗḓ","turn-bluetooth-on":"Ḓǿǿ ẏǿǿŭŭ ẇȧȧƞŧ ŧǿǿ ŧŭŭřƞ Ɓŀŭŭḗḗŧǿǿǿǿŧħ ǿǿƞ?","cancel":"Ƈȧȧƞƈḗḗŀ","turn-on":"Ŧŭŭřƞ Ǿǿƞ","error-transfer-title":"Ɓŀŭŭḗḗŧǿǿǿǿŧħ ƒīīŀḗḗ ŧřȧȧƞşƒḗḗř ƒȧȧīīŀḗḗḓ","error-transfer-settings":"Ɓŀŭŭḗḗŧǿǿǿǿŧħ ƒīīŀḗḗ ŧřȧȧƞşƒḗḗř ƒȧȧīīŀḗḗḓ. Ƈħḗḗƈķ ŧħȧȧŧ ŧħḗḗ Ɓŀŭŭḗḗŧǿǿǿǿŧħ şḗḗŧŧīīƞɠş ȧȧřḗḗ ƈǿǿřřḗḗƈŧ.","ok":"ǾǿĶ","bluetooth-paired-devices":"Ƥȧȧīīřḗḗḓ ḓḗḗṽīīƈḗḗş","bluetooth-devices-in-area":"Ḓḗḗṽīīƈḗḗş īīƞ ŧħḗḗ ȧȧřḗḗȧȧ","device-status-tap-connect":"Ŧȧȧƥ ŧǿǿ ƈǿǿƞƞḗḗƈŧ","device-status-pairing":"Ƥȧȧīīřīīƞɠ ẇīīŧħ ḓḗḗṽīīƈḗḗ…","device-status-waiting":"Ẇȧȧīīŧīīƞɠ ƒǿǿř ǿǿŧħḗḗř ḓḗḗṽīīƈḗḗ…","device-status-paired":"Ƥȧȧīīřḗḗḓ","device-status-connecting":"Ƈǿǿƞƞḗḗƈŧīīƞɠ…","device-status-connected":"Ƈǿǿƞƞḗḗƈŧḗḗḓ","search-for-device":"Şḗḗȧȧřƈħīīƞɠ ƒǿǿř ḓḗḗṽīīƈḗḗş…","search-device":"Şḗḗȧȧřƈħ ƒǿǿř ḓḗḗṽīīƈḗḗş","unnamed-device":"Ŭŭƞķƞǿǿẇƞ ḓḗḗṽīīƈḗḗ","error-pair-title":"Ŭŭƞȧȧƀŀḗḗ ŧǿǿ ƥȧȧīīř ḓḗḗṽīīƈḗḗş","error-pair-pincode":"Ŭŭƞȧȧƀŀḗḗ ŧǿǿ ƥȧȧīīř ẇīīŧħ ŧħḗḗ ḓḗḗṽīīƈḗḗ. Ƈħḗḗƈķ ŧħȧȧŧ ŧħḗḗ ƤĪīȠ īīş ƈǿǿřřḗḗƈŧ.","error-pair-toofast":"Ŭŭƞȧȧƀŀḗḗ ŧǿǿ ƥȧȧīīř ẇīīŧħ ŧħḗḗ ḓḗḗṽīīƈḗḗ. Ŧǿǿǿǿ ḿȧȧƞẏ řḗḗɋŭŭḗḗşŧş.","pair":"Ƥȧȧīīř","active-pair":"Ƈǿǿƞƒīīřḿ ḓḗḗṽīīƈḗḗş ŧǿǿ ƥȧȧīīř","active-pair-confirmation":"Ŧǿǿ ƥȧȧīīř ẇīīŧħ {{device}}, ḿȧȧķḗḗ şŭŭřḗḗ ŧħȧȧŧ ƀǿǿŧħ ḓḗḗṽīīƈḗḗş ƈŭŭřřḗḗƞŧŀẏ ħȧȧṽḗḗ ŧħḗḗ ƒǿǿŀŀǿǿẇīīƞɠ ƤĪīȠ ḓīīşƥŀȧȧẏḗḗḓ:","active-pair-pincode":"Ŧǿǿ ƥȧȧīīř ẇīīŧħ {{device}}, ḗḗƞŧḗḗř ŧħḗḗ ƤĪīȠ ǿǿƞ ŧħḗḗ ḓḗḗṽīīƈḗḗ.","active-pair-passkey":"Ŧǿǿ ƥȧȧīīř ẇīīŧħ {{device}}, ḗḗƞŧḗḗř ŧħḗḗ ƥȧȧşşķḗḗẏ ǿǿƞ ŧħḗḗ ḓḗḗṽīīƈḗḗ.","passive-pair":"Ɓŀŭŭḗḗŧǿǿǿǿŧħ ƥȧȧīīřīīƞɠ řḗḗɋŭŭḗḗşŧ","passive-pair-confirmation":"{{device}} ẇǿǿŭŭŀḓ ŀīīķḗḗ ŧǿǿ ƥȧȧīīř ẇīīŧħ ŧħīīş ƥħǿǿƞḗḗ. Ŧǿǿ ȧȧƈƈḗḗƥŧ, ḿȧȧķḗḗ şŭŭřḗḗ ŧħȧȧŧ ƀǿǿŧħ ḓḗḗṽīīƈḗḗş ƈŭŭřřḗḗƞŧŀẏ ħȧȧṽḗḗ ŧħḗḗ ƒǿǿŀŀǿǿẇīīƞɠ ƤĪīȠ ḓīīşƥŀȧȧẏḗḗḓ:","passive-pair-pincode":"{{device}} ẇǿǿŭŭŀḓ ŀīīķḗḗ ŧǿǿ ƥȧȧīīř ẇīīŧħ ŧħīīş ƥħǿǿƞḗḗ. Ŧǿǿ ȧȧƈƈḗḗƥŧ, ḗḗƞŧḗḗř ŧħḗḗ ƤĪīȠ ǿǿƞ ŧħḗḗ ḓḗḗṽīīƈḗḗ.","passive-pair-passkey":"{{device}} ẇǿǿŭŭŀḓ ŀīīķḗḗ ŧǿǿ ƥȧȧīīř ẇīīŧħ ŧħīīş ƥħǿǿƞḗḗ. Ŧǿǿ ȧȧƈƈḗḗƥŧ, ḗḗƞŧḗḗř ŧħḗḗ ƥȧȧşşķḗḗẏ ǿǿƞ ŧħḗḗ ḓḗḗṽīīƈḗḗ.","pair-view-title":"Ɓŀŭŭḗḗŧǿǿǿǿŧħ Řḗḗɋŭŭḗḗşŧ Ƒřǿǿḿ"}