{"bluetooth":"‮Ԑʅnǝʇooʇɥ‬","confirmation":"‮Ↄouɟıɹɯɐʇıou‬","bluetooth-status-description":"‮Ԑʅnǝʇooʇɥ‬ ‮ıs‬ ‮pısɐqʅǝp‬","turn-bluetooth-on":"‮po‬ ‮ʎon‬ ‮ʍɐuʇ‬ ‮ʇo‬ ‮ʇnɹu‬ ‮Ԑʅnǝʇooʇɥ‬ ‮ou‬?","cancel":"‮Ↄɐuɔǝʅ‬","turn-on":"‮⊥nɹu‬ ‮Ou‬","error-transfer-title":"‮Ԑʅnǝʇooʇɥ‬ ‮ɟıʅǝ‬ ‮ʇɹɐusɟǝɹ‬ ‮ɟɐıʅǝp‬","error-transfer-settings":"‮Ԑʅnǝʇooʇɥ‬ ‮ɟıʅǝ‬ ‮ʇɹɐusɟǝɹ‬ ‮ɟɐıʅǝp‬. ‮Ↄɥǝɔʞ‬ ‮ʇɥɐʇ‬ ‮ʇɥǝ‬ ‮Ԑʅnǝʇooʇɥ‬ ‮sǝʇʇıuƃs‬ ‮ɐɹǝ‬ ‮ɔoɹɹǝɔʇ‬.","ok":"‮OӼ‬","bluetooth-paired-devices":"‮Ԁɐıɹǝp‬ ‮pǝʌıɔǝs‬","bluetooth-devices-in-area":"‮pǝʌıɔǝs‬ ‮ıu‬ ‮ʇɥǝ‬ ‮ɐɹǝɐ‬","device-status-tap-connect":"‮⊥ɐd‬ ‮ʇo‬ ‮ɔouuǝɔʇ‬","device-status-pairing":"‮Ԁɐıɹıuƃ‬ ‮ʍıʇɥ‬ ‮pǝʌıɔǝ‬…","device-status-waiting":"‮Ｍɐıʇıuƃ‬ ‮ɟoɹ‬ ‮oʇɥǝɹ‬ ‮pǝʌıɔǝ‬…","device-status-paired":"‮Ԁɐıɹǝp‬","device-status-connecting":"‮Ↄouuǝɔʇıuƃ‬…","device-status-connected":"‮Ↄouuǝɔʇǝp‬","search-for-device":"‮Sǝɐɹɔɥıuƃ‬ ‮ɟoɹ‬ ‮pǝʌıɔǝs‬…","search-device":"‮Sǝɐɹɔɥ‬ ‮ɟoɹ‬ ‮pǝʌıɔǝs‬","unnamed-device":"‮∩uʞuoʍu‬ ‮pǝʌıɔǝ‬","error-pair-title":"‮∩uɐqʅǝ‬ ‮ʇo‬ ‮dɐıɹ‬ ‮pǝʌıɔǝs‬","error-pair-pincode":"‮∩uɐqʅǝ‬ ‮ʇo‬ ‮dɐıɹ‬ ‮ʍıʇɥ‬ ‮ʇɥǝ‬ ‮pǝʌıɔǝ‬. ‮Ↄɥǝɔʞ‬ ‮ʇɥɐʇ‬ ‮ʇɥǝ‬ ‮ԀIN‬ ‮ıs‬ ‮ɔoɹɹǝɔʇ‬.","error-pair-toofast":"‮∩uɐqʅǝ‬ ‮ʇo‬ ‮dɐıɹ‬ ‮ʍıʇɥ‬ ‮ʇɥǝ‬ ‮pǝʌıɔǝ‬. ‮⊥oo‬ ‮ɯɐuʎ‬ ‮ɹǝbnǝsʇs‬.","pair":"‮Ԁɐıɹ‬","active-pair":"‮Ↄouɟıɹɯ‬ ‮pǝʌıɔǝs‬ ‮ʇo‬ ‮dɐıɹ‬","active-pair-confirmation":"‮⊥o‬ ‮dɐıɹ‬ ‮ʍıʇɥ‬ {{device}}, ‮ɯɐʞǝ‬ ‮snɹǝ‬ ‮ʇɥɐʇ‬ ‮qoʇɥ‬ ‮pǝʌıɔǝs‬ ‮ɔnɹɹǝuʇʅʎ‬ ‮ɥɐʌǝ‬ ‮ʇɥǝ‬ ‮ɟoʅʅoʍıuƃ‬ ‮ԀIN‬ ‮pısdʅɐʎǝp‬:","active-pair-pincode":"‮⊥o‬ ‮dɐıɹ‬ ‮ʍıʇɥ‬ {{device}}, ‮ǝuʇǝɹ‬ ‮ʇɥǝ‬ ‮ԀIN‬ ‮ou‬ ‮ʇɥǝ‬ ‮pǝʌıɔǝ‬.","active-pair-passkey":"‮⊥o‬ ‮dɐıɹ‬ ‮ʍıʇɥ‬ {{device}}, ‮ǝuʇǝɹ‬ ‮ʇɥǝ‬ ‮dɐssʞǝʎ‬ ‮ou‬ ‮ʇɥǝ‬ ‮pǝʌıɔǝ‬.","passive-pair":"‮Ԑʅnǝʇooʇɥ‬ ‮dɐıɹıuƃ‬ ‮ɹǝbnǝsʇ‬","passive-pair-confirmation":"{{device}} ‮ʍonʅp‬ ‮ʅıʞǝ‬ ‮ʇo‬ ‮dɐıɹ‬ ‮ʍıʇɥ‬ ‮ʇɥıs‬ ‮dɥouǝ‬. ‮⊥o‬ ‮ɐɔɔǝdʇ‬, ‮ɯɐʞǝ‬ ‮snɹǝ‬ ‮ʇɥɐʇ‬ ‮qoʇɥ‬ ‮pǝʌıɔǝs‬ ‮ɔnɹɹǝuʇʅʎ‬ ‮ɥɐʌǝ‬ ‮ʇɥǝ‬ ‮ɟoʅʅoʍıuƃ‬ ‮ԀIN‬ ‮pısdʅɐʎǝp‬:","passive-pair-pincode":"{{device}} ‮ʍonʅp‬ ‮ʅıʞǝ‬ ‮ʇo‬ ‮dɐıɹ‬ ‮ʍıʇɥ‬ ‮ʇɥıs‬ ‮dɥouǝ‬. ‮⊥o‬ ‮ɐɔɔǝdʇ‬, ‮ǝuʇǝɹ‬ ‮ʇɥǝ‬ ‮ԀIN‬ ‮ou‬ ‮ʇɥǝ‬ ‮pǝʌıɔǝ‬.","passive-pair-passkey":"{{device}} ‮ʍonʅp‬ ‮ʅıʞǝ‬ ‮ʇo‬ ‮dɐıɹ‬ ‮ʍıʇɥ‬ ‮ʇɥıs‬ ‮dɥouǝ‬. ‮⊥o‬ ‮ɐɔɔǝdʇ‬, ‮ǝuʇǝɹ‬ ‮ʇɥǝ‬ ‮dɐssʞǝʎ‬ ‮ou‬ ‮ʇɥǝ‬ ‮pǝʌıɔǝ‬.","pair-view-title":"‮Ԑʅnǝʇooʇɥ‬ ‮ᴚǝbnǝsʇ‬ ‮ɟɹoɯ‬"}