{"back":"上一頁","save":"儲存","hide":"隱藏","cancel":"取消","confirm":"確認","done":"完成","events":"活動","edit":"編輯","allday-events":"全日活動","no-events":"No Events","hint-swipe-action":"滑動","hint-swipe-to-navigate":"以在不同日期間切換。","show-today":"今天","show-month-view":"月","show-week-view":"週","show-day-view":"日","settings-show":"設定","settings-hide":"隱藏選項","add-account":"新增帳號","new-event":"新增事件","view-event-header":"Event","new-event-header":"Add Event","edit-event-header":"Edit Event","account-header":"帳號","account-list-header":"帳號","advanced-settings-short":"Settings","advanced-settings-header":"行事曆選項","advanced-settings-personalization":"個人化","advanced-settings-reminders":"鬧鈴","advanced-settings-add-account":"Add Account","field-user":{"placeholder":"使用者名稱"},"field-password":{"placeholder":"密碼"},"field-full-url":{"placeholder":"網址"},"modify-account-setting-up":"請稍待您的帳號設定完成","modify-account-unable-to-sync":"無法同步","modify-account-sign-in":"登入","preset-caldav":"CalDav","preset-yahoo":"Yahoo!","preset-google":"Google","preset-local":"離線行事曆","preset-mozilla":"Mozilla Zimbra","calendar-local":"離線行事曆","event-title":{"placeholder":"標題"},"event-location":{"placeholder":"在哪裡？"},"event-description":{"placeholder":"註解"},"event-is-allday":"全日活動？","event-start-date":{"placeholder":"開始日期"},"event-end-date":{"placeholder":"結束日期"},"event-start-time":{"placeholder":"開始時間"},"event-end-time":{"placeholder":"結束時間"},"event-delete":"刪除事件","remove-account-data":"移除本機資料","remove-account-dialog":"移除帳號","remove-account-dialog-details":"移除此帳號也將會移除您本機上相關的行事曆與活動。","drawer-sync-button":"Sync","sync-frequency":"同步行事曆","sync-frequency-manual":{"textContent":"手動"},"sync-frequency-15min":{"textContent":"每 15 分鐘"},"sync-frequency-30min":{"textContent":"每 30 分鐘"},"sync-frequency-hourly":{"textContent":"每小時"},"none":"無","remind-me":"提醒我","from-time":"從:","to-time":"到:","alarm-at-event-standard":"於活動時間","alarm-at-event-allday":"於活動日","alarm-start-notice":"{{title}} 將在 {{distance}} 後開始","alarm-started-notice":"{{title}} 已開始於 {{distance}}","minutes-before":{"_index":["plural","value"],"_":{"zero":"0 分鐘前","one":"1 分鐘前","two":"{{value}} 分鐘前","few":"{{value}} 分鐘前","many":"{{value}} 分鐘前","other":"{{value}} 分鐘前"}},"hours-before":{"_index":["plural","value"],"_":{"zero":"0 小時前","one":"1 小時前","two":"{{value}} 小時前","few":"{{value}} 小時前","many":"{{value}} 小時前","other":"{{value}} 小時前"}},"days-before":{"_index":["plural","value"],"_":{"zero":"0 天前","one":"1 天前","two":"{{value}} 天前","few":"{{value}} 天前","many":"{{value}} 天前","other":"{{value}} 天前"}},"weeks-before":{"_index":["plural","value"],"_":{"zero":"0 週前","one":"1 週前","two":"{{value}} 週前","few":"{{value}} 週前","many":"{{value}} 週前","other":"{{value}} 週前"}},"months-before":{"_index":["plural","value"],"_":{"zero":"0 個月前","one":"1 個月前","two":"{{value}} 個月前","few":"{{value}} 個月前","many":"{{value}} 個月前","other":"{{value}} 個月前"}},"years-before":{"_index":["plural","value"],"_":{"zero":"0 年前","one":"1 年前","two":"{{value}} 年前","few":"{{value}} 年前","many":"{{value}} 年前","other":"{{value}} 年前"}},"minutes-after":{"_index":["plural","value"],"_":{"zero":"0 分鐘後","one":"1 分鐘後","two":"{{value}} 分鐘後","few":"{{value}} 分鐘後","many":"{{value}} 分鐘後","other":"{{value}} 分鐘後"}},"hours-after":{"_index":["plural","value"],"_":{"zero":"0 小時後","one":"1 小時後","two":"{{value}} 小時後","few":"{{value}} 小時後","many":"{{value}} 小時後","other":"{{value}} 小時後"}},"days-after":{"_index":["plural","value"],"_":{"zero":"0 天後","one":"1 天後","two":"{{value}} 天後","few":"{{value}} 天後","many":"{{value}} 天後","other":"{{value}} 天後"}},"weeks-after":{"_index":["plural","value"],"_":{"zero":"0 週後","one":"1 週後","two":"{{value}} 週後","few":"{{value}} 週後","many":"{{value}} 週後","other":"{{value}} 週後"}},"months-after":{"_index":["plural","value"],"_":{"zero":"0 個月後","one":"1 個月後","two":"{{value}} 個月後","few":"{{value}} 個月後","many":"{{value}} 個月後","other":"{{value}} 個月後"}},"years-after":{"_index":["plural","value"],"_":{"zero":"0 年後","one":"1 年後","two":"{{value}} 年後","few":"{{value}} 年後","many":"{{value}} 年後","other":"{{value}} 年後"}},"hour-format":"%p %I 點","hour-format-abbr-am":"%IA","hour-format-abbr-pm":"%IP","hour-allday":"全天","multi-month-view-header-format":"%Y 年 %b","day-view-header-format":"%b %e 日 %A","months-day-view-header-format":"%A, %b %e","error-start-after-end":"結束日期必須接續在開始日期之後","error-unauthenticated":"登入失敗，請檢查帳號密碼","error-internal-server-error":"伺服器錯誤。請確認帳號密碼是否正確並再試一次。","error-default":"發生錯誤，請稍後再試一次。","error-offline":"沒有網路連線。請檢查您的網路設定後再試一次。","error-account-exist":"此帳號已存在","notification-error-sync-title":"行事曆同步錯誤","notification-error-sync-description":"點擊這裡取得更多資訊","weekday-0-long":"星期日","weekday-1-long":"星期一","weekday-2-long":"星期二","weekday-3-long":"星期三","weekday-4-long":"星期四","weekday-5-long":"星期五","weekday-6-long":"星期六","weekday-0-short":"週日","weekday-1-short":"週一","weekday-2-short":"週二","weekday-3-short":"週三","weekday-4-short":"週四","weekday-5-short":"週五","weekday-6-short":"週六","month-0-long":"一月","month-1-long":"二月","month-2-long":"三月","month-3-long":"四月","month-4-long":"五月","month-5-long":"六月","month-6-long":"七月","month-7-long":"八月","month-8-long":"九月","month-9-long":"十月","month-10-long":"十一月","month-11-long":"十二月","month-0-genitive":"1 月","month-1-genitive":"2 月","month-2-genitive":"3 月","month-3-genitive":"4 月","month-4-genitive":"5 月","month-5-genitive":"6 月","month-6-genitive":"7 月","month-7-genitive":"8 月","month-8-genitive":"9 月","month-9-genitive":"10 月","month-10-genitive":"11 月","month-11-genitive":"12 月","month-0-short":"1 月","month-1-short":"2 月","month-2-short":"3 月","month-3-short":"4 月","month-4-short":"5 月","month-5-short":"6 月","month-6-short":"7 月","month-7-short":"8 月","month-8-short":"9 月","month-9-short":"10 月","month-10-short":"11 月","month-11-short":"12 月","minutes-ago-long":{"_index":["plural","value"],"_":{"zero":"剛剛","one":"1 分鐘前","two":"{{value}} 分鐘前","few":"{{value}} 分鐘前","many":"{{value}} 分鐘前","other":"{{value}} 分鐘前"}},"hours-ago-long":{"_index":["plural","value"],"_":{"zero":"剛剛","one":"1 小時前","two":"{{value}} 小時前","few":"{{value}} 小時前","many":"{{value}} 小時前","other":"{{value}} 小時前"}},"days-ago-long":{"_index":["plural","value"],"_":{"zero":"今天","one":"昨天","two":"{{value}} 天前","few":"{{value}} 天前","many":"{{value}} 天前","other":"{{value}} 天前"}},"weeks-ago-long":{"_index":["plural","value"],"_":{"zero":"本週","one":"上週","two":"{{value}} 週前","few":"{{value}} 週前","many":"{{value}} 週前","other":"{{value}} 週前"}},"months-ago-long":{"_index":["plural","value"],"_":{"zero":"本月","one":"上月","two":"{{value}} 月前","few":"{{value}} 月前","many":"{{value}} 月前","other":"{{value}} 月前"}},"years-ago-long":{"_index":["plural","value"],"_":{"zero":"今年","one":"去年","two":"{{value}} 年前","few":"{{value}} 年前","many":"{{value}} 年前","other":"{{value}} 年前"}},"minutes-until-long":{"_index":["plural","value"],"_":{"zero":"現在","one":"1 分鐘內","two":"{{value}} 分鐘內","few":"{{value}} 分鐘內","many":"{{value}} 分鐘內","other":"{{value}} 分鐘內"}},"hours-until-long":{"_index":["plural","value"],"_":{"zero":"現在","one":"1 小時內","two":"{{value}} 小時前","few":"{{value}} 小時前","many":"{{value}} 小時前","other":"{{value}} 小時前"}},"days-until-long":{"_index":["plural","value"],"_":{"zero":"今天","one":"明天","two":"{{value}} 天內","few":"{{value}} 天內","many":"{{value}} 天內","other":"{{value}} 天內"}},"weeks-until-long":{"_index":["plural","value"],"_":{"zero":"本週","one":"下週","two":"{{value}} 週內","few":"{{value}} 週內","many":"{{value}} 週內","other":"{{value}} 週內"}},"months-until-long":{"_index":["plural","value"],"_":{"zero":"本月","one":"下月","two":"{{value}} 月內","few":"{{value}} 月內","many":"{{value}} 月內","other":"{{value}} 月內"}},"years-until-long":{"_index":["plural","value"],"_":{"zero":"今年","one":"明年","two":"{{value}} 年內","few":"{{value}} 年內","many":"{{value}} 年內","other":"{{value}} 年內"}},"minutes-ago-short":{"_index":["plural","value"],"_":{"zero":"剛剛","other":"{{value}} 分前"}},"hours-ago-short":{"_index":["plural","value"],"_":{"zero":"剛剛","other":"{{value}} 時前"}},"days-ago-short":{"_index":["plural","value"],"_":{"zero":"今天","other":"{{value}} 天前"}},"minutes-until-short":{"_index":["plural","value"],"_":{"zero":"現在","other":"{{value}} 分內"}},"hours-until-short":{"_index":["plural","value"],"_":{"zero":"現在","other":"{{value}} 時內"}},"days-until-short":{"_index":["plural","value"],"_":{"zero":"今天","other":"{{value}} 天內"}},"incorrectDate":"（日期不正確）","dateTimeFormat_%c":"%Y年%b%d日 %a %p %I:%M:%S","dateTimeFormat_%x":"%Y/%m/%d","dateTimeFormat_%X":"%p %I:%M:%S","shortTimeFormat":"%p %I:%M","shortDateTimeFormat":"%x %p %I:%M","weekStartsOnMonday":"1","time_am":"上午","time_pm":"下午"}