{"brandShortName":"B2G OS","browserBrandShortName":"Navigateur web","browserBrandFullName":"Navigateur web de Mozilla","ok":"OK","cancel":"Annuler","done":"Fini","enter-search-or-address":{"placeholder":"Recherche ou adresse"},"history":"Historique","new-tab":"Nouvel onglet","open-in-new-tab":"Ouvrir dans un nouvel onglet","future":"Futur","today":"Aujourd’hui","yesterday":"Hier","last-7-days":"Ces 7 derniers jours","this-month":"Ce mois-ci","last-6-months":"Ces 6 derniers mois","older-than-6-months":"Il y a plus de 6 mois","month-0":"Janvier","month-1":"Février","month-2":"Mars","month-3":"Avril","month-4":"Mai","month-5":"Juin","month-6":"Juillet","month-7":"Août","month-8":"Septembre","month-9":"Octobre","month-10":"Novembre","month-11":"Décembre","browser":"{{browserBrandShortName}}","start-browsing":"Pour commencer la navigation, saisissez un terme à chercher ou une adresse web.","top-sites-startPage":"Les plus visités","top-sites-tab":"+ visités","browser-settings":"Paramètres","privacy-and-security":"Vie privée et sécurité","clear-browsing-history":"Effacer l’historique","confirm-clear-browsing-history":"Effacer l’historique de navigation ?","clear-cookies-and-stored-data":"Effacer cookies et données","confirm-clear-cookies-and-stored-data":"Effacer les cookies et d’autres données stockées par des sites sur cet appareil ?","search-engines":"Moteurs de recherche","default-search-engine":"Moteur de recherche par défaut","bookmarks":"Marque-pages","bookmark":"Marquer cette page","unbookmark":"Ne plus marquer","edit-bookmark":"Modifier le marque-page","edit-bookmark-header":"Modifier marque-page","page-title":"Titre de la page","address":"Adresse","add-to-home-screen":"Ajouter à l’écran d’accueil","username":"Nom d’utilisateur","password":"Mot de passe","login":"Connexion","login-to-a-website":"Connexion au site","http-authentication-message":"Le site {{host}} demande à ce que vous vous identifiez.","the-username-or-password-is-incorrect":"Le nom d’utilisateur ou le mot de passe est incorrect.","this-is-embarrassing":"Hum, c’est embarrassant.","not-responding":"Nous avons essayé d’afficher cette page web, mais elle ne répond pas.","close-tab":"Fermer l’onglet","reload-tab":"Actualiser","search-for":"Rechercher","save-image":"Enregistrer l’image","image-saved":"Image enregistrée dans Galerie","error-saving-image":"Erreur lors de l’enregistrement de l’image","save-video":"Enregistrer la vidéo","video-saved":"Vidéo enregistrée dans Vidéo","error-saving-video":"Erreur lors de l’enregistrement de la vidéo","save-audio":"Enregistrer l’audio","audio-saved":"Audio enregistré dans Musique","error-saving-audio":"Erreur lors de l’enregistrement de l’audio"}