{"brandShortName":"‮Ԑ‬2‮פ‬ ‮OS‬","browserBrandShortName":"‮Ｍǝq‬ ‮Ԑɹoʍsǝɹ‬","browserBrandFullName":"‮Wozıʅʅɐ‬ ‮Ｍǝq‬ ‮Ԑɹoʍsǝɹ‬","ok":"‮OӼ‬","cancel":"‮Ↄɐuɔǝʅ‬","done":"‮pouǝ‬","enter-search-or-address":{"placeholder":"‮Sǝɐɹɔɥ‬ ‮oɹ‬ ‮ǝuʇǝɹ‬ ‮ɐppɹǝss‬"},"history":"‮Hısʇoɹʎ‬","new-tab":"‮Nǝʍ‬ ‮ʇɐq‬","open-in-new-tab":"‮Odǝu‬ ‮ʅıuʞ‬ ‮ıu‬ ‮uǝʍ‬ ‮ʇɐq‬","future":"‮ɟnʇnɹǝ‬","today":"‮⊥opɐʎ‬","yesterday":"‮ʎǝsʇǝɹpɐʎ‬","last-7-days":"‮˥ɐsʇ‬ 7 ‮pɐʎs‬","this-month":"‮⊥ɥıs‬ ‮ɯouʇɥ‬","last-6-months":"‮˥ɐsʇ‬ 6 ‮ɯouʇɥs‬","older-than-6-months":"‮Oʅpǝɹ‬ ‮ʇɥɐu‬ 6 ‮ɯouʇɥs‬","month-0":"‮ſɐunɐɹʎ‬","month-1":"‮ɟǝqɹnɐɹʎ‬","month-2":"‮Wɐɹɔɥ‬","month-3":"‮∀dɹıʅ‬","month-4":"‮Wɐʎ‬","month-5":"‮ſnuǝ‬","month-6":"‮ſnʅʎ‬","month-7":"‮∀nƃnsʇ‬","month-8":"‮Sǝdʇǝɯqǝɹ‬","month-9":"‮Oɔʇoqǝɹ‬","month-10":"‮Noʌǝɯqǝɹ‬","month-11":"‮pǝɔǝɯqǝɹ‬","browser":"{{browserBrandShortName}}","start-browsing":"‮Ǝuʇǝɹ‬ ‮ɐ‬ ‮sǝɐɹɔɥ‬ ‮ʇǝɹɯ‬ ‮oɹ‬ ‮Ｍǝq‬ ‮ɐppɹǝss‬ ‮ʇo‬ ‮sʇɐɹʇ‬ ‮qɹoʍsıuƃ‬.","top-sites-startPage":"‮⊥od‬ ‮sıʇǝs‬","top-sites-tab":"‮⊥od‬ ‮sıʇǝs‬","browser-settings":"‮Sǝʇʇıuƃs‬","privacy-and-security":"‮Ԁɹıʌɐɔʎ‬ & ‮Sǝɔnɹıʇʎ‬","clear-browsing-history":"‮Ↄʅǝɐɹ‬ ‮qɹoʍsıuƃ‬ ‮ɥısʇoɹʎ‬","confirm-clear-browsing-history":"‮Ↄʅǝɐɹ‬ ‮qɹoʍsıuƃ‬ ‮ɥısʇoɹʎ‬?","clear-cookies-and-stored-data":"‮Ↄʅǝɐɹ‬ ‮ɔooʞıǝs‬ ‮ɐup‬ ‮sʇoɹǝp‬ ‮pɐʇɐ‬","confirm-clear-cookies-and-stored-data":"‮Ↄʅǝɐɹ‬ ‮ɔooʞıǝs‬ ‮ɐup‬ ‮oʇɥǝɹ‬ ‮pɐʇɐ‬ ‮sʇoɹǝp‬ ‮qʎ‬ ‮sıʇǝs‬ ‮ou‬ ‮ʇɥıs‬ ‮pǝʌıɔǝ‬?","search-engines":"‮Sǝɐɹɔɥ‬ ‮Ǝuƃıuǝs‬","default-search-engine":"‮pǝɟɐnʅʇ‬ ‮sǝɐɹɔɥ‬ ‮ǝuƃıuǝ‬","bookmarks":"‮Ԑooʞɯɐɹʞs‬","bookmark":"‮Ԑooʞɯɐɹʞ‬","unbookmark":"‮∩uqooʞɯɐɹʞ‬","edit-bookmark":"‮Ǝpıʇ‬ ‮qooʞɯɐɹʞ‬","edit-bookmark-header":"‮Ǝpıʇ‬ ‮qooʞɯɐɹʞ‬","page-title":"‮Ԁɐƃǝ‬ ‮ʇıʇʅǝ‬","address":"‮∀ppɹǝss‬","add-to-home-screen":"‮∀pp‬ ‮ʇo‬ ‮ɥoɯǝ‬ ‮sɔɹǝǝu‬","username":"‮∩sǝɹuɐɯǝ‬","password":"‮Ԁɐssʍoɹp‬","login":"‮Sıƃu‬ ‮ıu‬","login-to-a-website":"‮Sıƃu‬ ‮ıu‬ ‮ʇo‬ ‮ʍǝqsıʇǝ‬","http-authentication-message":"‮⊥ɥǝ‬ ‮ʍǝqsıʇǝ‬ {{host}} ‮ɹǝbnıɹǝs‬ ‮ʎon‬ ‮ʇo‬ ‮sıƃu‬ ‮ıu‬.","the-username-or-password-is-incorrect":"‮⊥ɥǝ‬ ‮nsǝɹuɐɯǝ‬ ‮oɹ‬ ‮dɐssʍoɹp‬ ‮ıs‬ ‮ıuɔoɹɹǝɔʇ‬.","this-is-embarrassing":"‮Ｍǝʅʅ‬, ‮ʇɥıs‬ ‮ıs‬ ‮ǝɯqɐɹɹɐssıuƃ‬.","not-responding":"‮Ｍǝ‬ ‮ʇɹıǝp‬ ‮ʇo‬ ‮pısdʅɐʎ‬ ‮ʇɥıs‬ ‮Ｍǝq‬ ‮dɐƃǝ‬, ‮qnʇ‬ ‮ıʇ‬’‮s‬ ‮uoʇ‬ ‮ɹǝsdoupıuƃ‬.","close-tab":"‮Ↄʅosǝ‬ ‮ʇɐq‬","reload-tab":"‮ᴚǝʅoɐp‬","search-for":"‮Sǝɐɹɔɥ‬ ‮ɟoɹ‬","save-image":"‮Sɐʌǝ‬ ‮Iɯɐƃǝ‬","image-saved":"‮Iɯɐƃǝ‬ ‮sɐʌǝp‬ ‮ʇo‬ ‮פɐʅʅǝɹʎ‬","error-saving-image":"‮Ǝɹɹoɹ‬ ‮sɐʌıuƃ‬ ‮ıɯɐƃǝ‬","save-video":"‮Sɐʌǝ‬ ‮Ʌıpǝo‬","video-saved":"‮Ʌıpǝo‬ ‮sɐʌǝp‬ ‮ʇo‬ ‮Ʌıpǝo‬","error-saving-video":"‮Ǝɹɹoɹ‬ ‮sɐʌıuƃ‬ ‮ʌıpǝo‬","save-audio":"‮Sɐʌǝ‬ ‮∀npıo‬","audio-saved":"‮∀npıo‬ ‮sɐʌǝp‬ ‮ʇo‬ ‮Wnsıɔ‬","error-saving-audio":"‮Ǝɹɹoɹ‬ ‮sɐʌıuƃ‬ ‮ɐnpıo‬"}