{"weekday-0-long":"Dimanche","weekday-1-long":"Lundi","weekday-2-long":"Mardi","weekday-3-long":"Mercredi","weekday-4-long":"Jeudi","weekday-5-long":"Vendredi","weekday-6-long":"Samedi","weekday-0-short":"dim","weekday-1-short":"lun","weekday-2-short":"mar","weekday-3-short":"mer","weekday-4-short":"jeu","weekday-5-short":"ven","weekday-6-short":"sam","month-0-long":"Janvier","month-1-long":"Février","month-2-long":"Mars","month-3-long":"Avril","month-4-long":"Mai","month-5-long":"Juin","month-6-long":"Juillet","month-7-long":"Août","month-8-long":"Septembre","month-9-long":"Octobre","month-10-long":"Novembre","month-11-long":"Décembre","month-0-genitive":"janvier","month-1-genitive":"février","month-2-genitive":"mars","month-3-genitive":"avril","month-4-genitive":"mai","month-5-genitive":"juin","month-6-genitive":"juillet","month-7-genitive":"août","month-8-genitive":"septembre","month-9-genitive":"octobre","month-10-genitive":"novembre","month-11-genitive":"décembre","month-0-short":"jan.","month-1-short":"fév.","month-2-short":"mars","month-3-short":"avr.","month-4-short":"mai","month-5-short":"juin","month-6-short":"juil.","month-7-short":"août","month-8-short":"sep.","month-9-short":"oct.","month-10-short":"nov.","month-11-short":"déc.","minutes-ago-long":{"_index":["plural","value"],"_":{"zero":"à l’instant","one":"il y a {{value}} minute","two":"il y a {{value}} minutes","few":"il y a {{value}} minutes","many":"il y a {{value}} minutes","other":"il y a {{value}} minutes"}},"hours-ago-long":{"_index":["plural","value"],"_":{"zero":"à l’instant","one":"il y a {{value}} heure","two":"il y a {{value}} heures","few":"il y a {{value}} heures","many":"il y a {{value}} heures","other":"il y a {{value}} heures"}},"days-ago-long":{"_index":["plural","value"],"_":{"zero":"aujourd’hui","one":"hier","two":"il y a {{value}} jours","few":"il y a {{value}} jours","many":"il y a {{value}} jours","other":"il y a {{value}} jours"}},"weeks-ago-long":{"_index":["plural","value"],"_":{"zero":"cette semaine","one":"la semaine dernière","two":"il y a {{value}} semaines","few":"il y a {{value}} semaines","many":"il y a {{value}} semaines","other":"il y a {{value}} semaines"}},"months-ago-long":{"_index":["plural","value"],"_":{"zero":"ce mois-ci","one":"le mois dernier","two":"il y a {{value}} mois","few":"il y a {{value}} mois","many":"il y a {{value}} mois","other":"il y a {{value}} mois"}},"years-ago-long":{"_index":["plural","value"],"_":{"zero":"cette année","one":"l’année dernière","two":"il y a {{value}} ans","few":"il y a {{value}} ans","many":"il y a {{value}} ans","other":"il y a {{value}} ans"}},"minutes-until-long":{"_index":["plural","value"],"_":{"zero":"maintenant","one":"dans {{value}} minute","two":"dans {{value}} minutes","few":"dans {{value}} minutes","many":"dans {{value}} minutes","other":"dans {{value}} minutes"}},"hours-until-long":{"_index":["plural","value"],"_":{"zero":"maintenant","one":"dans {{value}} heure","two":"dans {{value}} heures","few":"dans {{value}} heures","many":"dans {{value}} heures","other":"dans {{value}} heures"}},"days-until-long":{"_index":["plural","value"],"_":{"zero":"aujourd’hui","one":"demain","two":"dans {{value}} jours","few":"dans {{value}} jours","many":"dans {{value}} jours","other":"dans {{value}} jours"}},"weeks-until-long":{"_index":["plural","value"],"_":{"zero":"cette semaine","one":"la semaine prochaine","two":"dans {{value}} semaines","few":"dans {{value}} semaines","many":"dans {{value}} semaines","other":"dans {{value}} semaines"}},"months-until-long":{"_index":["plural","value"],"_":{"zero":"ce mois-ci","one":"le mois prochain","two":"dans {{value}} mois","few":"dans {{value}} mois","many":"dans {{value}} mois","other":"dans {{value}} mois"}},"years-until-long":{"_index":["plural","value"],"_":{"zero":"cette année","one":"l’année prochaine","two":"dans {{value}} ans","few":"dans {{value}} ans","many":"dans {{value}} ans","other":"dans {{value}} ans"}},"minutes-ago-short":{"_index":["plural","value"],"_":{"zero":"à l’instant","other":"il y a {{value}} min"}},"hours-ago-short":{"_index":["plural","value"],"_":{"zero":"à l’instant","other":"il y a {{value}}h"}},"days-ago-short":{"_index":["plural","value"],"_":{"zero":"aujourd’hui","other":"il y a {{value}}j"}},"minutes-until-short":{"_index":["plural","value"],"_":{"zero":"maintenant","other":"dans {{value}}m"}},"hours-until-short":{"_index":["plural","value"],"_":{"zero":"maintenant","other":"dans {{value}}h"}},"days-until-short":{"_index":["plural","value"],"_":{"zero":"aujourd’hui","other":"dans {{value}}j"}},"incorrectDate":"(date incorrecte)","dateTimeFormat_%c":"%a %e %b %Y %H:%M:%S","dateTimeFormat_%x":"%d/%m/%Y","dateTimeFormat_%X":"%H:%M:%S","shortTimeFormat":"%H:%M","shortDateTimeFormat":"%x %H:%M","weekStartsOnMonday":"1","time_am":"AM","time_pm":"PM","ac_classic_clock_alarm_opus":"Buzzer","ac_classic_clock_alarm_prog_opus2":"Pulsation progressive","ac_classic_clock_radio_opus":"Pulsation","ac_normal_gem_echoes_opus":"Échos cristallins","ac_soft_smooth_strings_opus":"Cordes classiques","ac_soft_humming_waves_opus":"Ondes","ac_normal_ringing_strings_opus":"Cordes énergiques","ac_soft_into_the_void_opus":"Vide interstellaire","reset":"Remettre à zéro","start":"Démarrer","stop":"Arrêter","cancel":"Annuler","hour":"Heure","hours":"Heures","minute":"Minute","minutes":"Minutes","alarm":"Alarme","timer":"Minuteur","stopwatch":"Chronomètre","alarmName":{"placeholder":"Nom de l’alarme"},"newAlarm":"Nouvelle alarme","editAlarm":"Modifier l’alarme","pause":"Pause","resume":"Reprendre","lap":"Tour","lap-number":"Tour {{n}}","delete":"Supprimer","time":"Heure","snooze-label":"Rappel","snooze-button":"Reporter","repeat":"Répétition","vibrate":"Vibreur","close":"Arrêter","save":"Enregistrer","done":"Fini","closeButton":{"ariaLabel":"Fermer"},"newAlarmButton":{"ariaLabel":"Nouvelle alarme"},"alarm-volume-label":"System Alarm Volume","sound":"Sonnerie","noSound":"Aucune sonnerie","everyday":"Tous les jours","weekdays":"Les jours de la semaine","weekends":"Les weekends","never":"Jamais","vibrateOn":"Activé","vibrateOff":"Désactivé","plusMinute":"+1 min","dateFormat":"%A %e %Eb","countdown-lessThanAnHour":"L’alarme est réglée pour dans <strong>{{minutes}}</strong>.","countdown-moreThanAnHour":"L’alarme est réglée pour dans {{hours}} {{minutes}}.","countdown-moreThanADay":"L’alarme est réglée pour dans {{days}} {{hours}}.","nMinutes":{"_index":["plural","n"],"_":{"zero":"moins d’une minute","one":"une minute","two":"{{n}} minutes","few":"{{n}} minutes","many":"{{n}} minutes","other":"{{n}} minutes"}},"nHours":{"_index":["plural","n"],"_":{"one":"<strong>{{n}} heure</strong>","two":"<strong>{{n}} heures</strong>","few":"<strong>{{n}} heures</strong>","many":"<strong>{{n}} heures</strong>","other":"<strong>{{n}} heures</strong>"}},"nAndRemainHours":{"_index":["plural","n"],"_":{"one":"et <strong>{{n}} heure</strong>","two":"et <strong>{{n}} heures</strong>","few":"et <strong>{{n}} heures</strong>","many":"et <strong>{{n}} heures</strong>","other":"et <strong>{{n}} heures</strong>"}},"nRemainDays":{"_index":["plural","n"],"_":{"one":"<strong>{{n}} jour</strong>","two":"<strong>{{n}} jours</strong>","few":"<strong>{{n}} jours</strong>","many":"<strong>{{n}} jours</strong>","other":"<strong>{{n}} jours</strong>"}},"nRemainMinutes":{"_index":["plural","n"],"_":{"one":"et <strong>{{n}} minute</strong>","two":"et <strong>{{n}} minutes</strong>","few":"et <strong>{{n}} minutes</strong>","many":"et <strong>{{n}} minutes</strong>","other":"et <strong>{{n}} minutes</strong>"}},"nSpinnerSeconds":{"_index":["plural","n"],"_":{"zero":"zéro secondes","one":"une seconde","two":"{{n}} secondes","few":"{{n}} secondes","many":"{{n}} secondes","other":"{{n}} secondes"}},"nSpinnerMinutes":{"_index":["plural","n"],"_":{"zero":"zéro minutes","one":"une minute","two":"{{n}} minutes","few":"{{n}} minutes","many":"{{n}} minutes","other":"{{n}} minutes"}},"nSpinnerHours":{"_index":["plural","n"],"_":{"zero":"zéro heures","one":"{{n}} heure","two":"{{n}} heures","few":"{{n}} heures","many":"{{n}} heures","other":"{{n}} heures"}}}