{"close":"Fermer","import":"Importer","update":"Enreg.","fbFriends":"Amis Facebook","live-serviceName":"Outlook","gmail-serviceName":"Gmail","facebook-serviceName":"Amis Facebook","selectAll":"Tout sélectionner","deselectAll":"Tout désélectionner","viewAll":"Afficher tous les amis Facebook","viewRecommend":"N’afficher que les propositions","linkProposal":{"_index":["plural","numFriends"],"_":{"zero":"Aucun ami correspondant. Affichage de la liste complète","one":"Choix restreint à une unique proposition","two":"Sélectionnez l’un des amis proposés","few":"Sélectionnez l’un des amis proposés","many":"Sélectionnez l’un des amis proposés","other":"Sélectionnez l’un des amis proposés"}},"fbFriendsFound":{"_index":["plural","numFriends"],"_":{"zero":"Tous vos amis ont été importés","one":"Un ami à importer","two":"{{numFriends}} amis à importer","few":"{{numFriends}} amis à importer","many":"{{numFriends}} amis à importer","other":"{{numFriends}} amis à importer"}},"facebook":"Facebook","search-contact":{"placeholder":"Rechercher"},"noResults":"Aucun contact trouvé","done-search":"Terminé","progressFB3ImportTitle":"Importation des amis dans Contacts","progressFB":"{{current}}/{{total}}","progressFB3UpdateTitle":"Mise à jour des amis dans Contacts","message2":"Cela peut prendre quelques minutes","messageLinking":"Veuillez patienter, nous ajoutons vos amis à vos contacts.","messageCanceling":"Veuillez patienter, nous annulons l’opération en cours.","error1":"Erreur lors {{from}}","error2":"Voulez-vous réessayer ?","errorProposal":"du calcul des propositions","errorFriends":"de la récupération des amis","errorLinking":"de l’ajout des contacts","timeout1":"Temps d’attente dépassé pour {{from}}","timeout2":"Voulez-vous réessayer ?","timeoutProposal":"le calcul des propositions","timeoutFriends":"la récupération des amis","timeoutLinking":"l’ajout des contacts","wait1":"Veuillez patienter","wait2":"Cela peut prendre quelques minutes","waitProposal":"Veuillez patienter, nous calculons une proposition.","waitFriends":"Veuillez patienter, nous nous connectons pour obtenir votre liste d’amis.","curtainCancel":"Annuler","curtainRetry":"Réessayer","curtainOK":"OK","connectionLost":"Aucune connexion Internet","connectionLostMsg":"Les photos des amis ne seront pas ajoutées à vos contacts. Continuer quand même ?","yesOption":"OK","noOption":"Annuler","friendsUpdated":{"_index":["plural","numFriends"],"_":{"zero":"Aucun ami mis à jour","one":"Un ami mis à jour","two":"{{numFriends}} amis mis à jour","few":"{{numFriends}} amis mis à jour","many":"{{numFriends}} amis mis à jour","other":"{{numFriends}} amis mis à jour"}},"notificationLogin":"Votre session Facebook n’est pas valide. Veuillez vous connecter.","syncError":"Erreur de synchro. des données des amis","brandShortName":"B2G OS","browserBrandShortName":"Navigateur web","browserBrandFullName":"Navigateur web de Mozilla","back":"Retour","noSimMsg":"Pour importer des contacts, insérez ou déverouillez votre carte SIM","noMemoryCardMsg":"Pour importer des contacts, insérez une carte mémoire","importMemoryCard":"Carte mémoire","noConnection11":"Pour importer des contacts ou des amis Facebook, connectez-vous à un réseau Wi-Fi ou à un réseau de données mobiles","simContacts-import":"Importer les contacts de la SIM","simContacts-importing":"Importation des contacts de la SIM…","simContacts-reading":"Lecture de la SIM…","simContacts-error":"Impossible d’importer les contacts de la SIM","simContacts-imported3":{"_index":["plural","n"],"_":{"zero":"Aucun contact à importer n’a été détecté sur la SIM","one":"Un contact importé","two":"{{n}} contacts importés","few":"{{n}} contacts importés","many":"{{n}} contacts importés","other":"{{n}} contacts importés"}},"memoryCardContacts-import":"Importer des contacts depuis la carte mémoire","memoryCardContacts-importing":"Importation des contacts de la carte mémoire…","memoryCardContacts-reading":"Lecture de la carte mémoire…","memoryCardContacts-error":"Impossible d’importer les contacts de la carte mémoire","memoryCardContacts-imported3":{"_index":["plural","n"],"_":{"zero":"Aucun contact à importer n’a été détecté sur la carte mémoire","one":"Un contact importé","two":"{{n}} contacts importés","few":"{{n}} contacts importés","many":"{{n}} contacts importés","other":"{{n}} contacts importés"}},"genericProgress":"{{current}}/{{total}}","facebook-import-msg":{"_index":["plural","imported"],"_":{"zero":"Aucun ami importé (sur {{total}})","one":"Un ami importé (sur {{total}})","two":"{{imported}}/{{total}} amis importés","few":"{{imported}}/{{total}} amis importés","many":"{{imported}}/{{total}} amis importés","other":"{{imported}}/{{total}} amis importés"}},"pincode2":"Saisir le code PIN","type_pin":"Saisissez votre code PIN","pincodeLabel":"PIN de la SIM {{n}}","pinValidation":"Le code PIN doit comprendre entre 4 et 8 caractères.","pinError":"Le code PIN est incorrect.","pinAttemptMsg2":{"_index":["plural","n"],"_":{"one":"C’est votre dernier essai pour saisir le code correct avant de verrouiller la carte SIM.","two":"Il vous reste {{n}} essais pour saisir le code correct avant de verrouiller la carte SIM.","few":"Il vous reste {{n}} essais pour saisir le code correct avant de verrouiller la carte SIM.","many":"Il vous reste {{n}} essais pour saisir le code correct avant de verrouiller la carte SIM.","other":"Il vous reste {{n}} essais pour saisir le code correct avant de verrouiller la carte SIM."}},"pinLastChanceMsg":"C’est votre dernier essai autorisé pour saisir le code PIN correct. Sinon, vous devrez saisir le code PUK pour utiliser cette carte SIM.","pukcode":"Saisir le code PUK","pukcodeTitle":"Saisir le code PUK de la SIM {{n}}","pukcodeLabel":"PUK de la SIM {{n}}","type_puk":"Code PUK","pukValidation":"Le code PUK doit comprendre exactement 8 caractères.","pukInfo":"Vous devez saisir la Personal Unlocking Key (PUK, soit Clé personnelle de déblocage) pour la carte SIM. Veuillez vous référer à la documentation associée à votre carte SIM ou contacter votre opérateur pour en savoir plus.","pukError":"Le code PUK est incorrect.","pukAttemptMsg2":{"_index":["plural","n"],"_":{"one":"C’est votre dernier essai pour saisir le code correct avant que cette carte SIM ne devienne définitivement inutilisable. Veuillez vous référer à la documentation associée à votre carte SIM ou contacter votre opérateur pour en savoir plus.","two":"Il vous reste {{n}} essais pour saisir le code correct avant que cette carte SIM ne devienne définitivement inutilisable. Veuillez vous référer à la documentation associée à votre carte SIM ou contacter votre opérateur pour en savoir plus.","few":"Il vous reste {{n}} essais pour saisir le code correct avant que cette carte SIM ne devienne définitivement inutilisable. Veuillez vous référer à la documentation associée à votre carte SIM ou contacter votre opérateur pour en savoir plus.","many":"Il vous reste {{n}} essais pour saisir le code correct avant que cette carte SIM ne devienne définitivement inutilisable. Veuillez vous référer à la documentation associée à votre carte SIM ou contacter votre opérateur pour en savoir plus.","other":"Il vous reste {{n}} essais pour saisir le code correct avant que cette carte SIM ne devienne définitivement inutilisable. Veuillez vous référer à la documentation associée à votre carte SIM ou contacter votre opérateur pour en savoir plus."}},"pukLastChanceMsg":"C’est votre dernier essai autorisé pour saisir le code PUK correct. Votre carte SIM deviendra définitivement inutilisable si vous saisissez un code PUK incorrect.","create_newpin":"Nouveau code PIN (4 à 8 chiffres)","confirm_newpin":"Confirmer le nouveau code PIN","newpinConfirmation":"Les codes PIN ne correspondent pas","nckcode":"Saisir le code NCK","cckcode":"Saisir le code CCK","spckcode":"Saisir le code SPCK","nck1code":"Enter NCK1 code","nck2code":"Enter NCK2 code","hnckcode":"Enter HNCK code","rcckcode":"Enter RCCK code","rspckcode":"Enter RSPCK code","nckcodeTitle":"Saisir le code NCK de la SIM {{n}}","cckcodeTitle":"Saisir le code CCK de la SIM {{n}}","spckcodeTitle":"Saisir le code SPCK de la SIM {{n}}","nck1codeTitle":"Enter SIM {{n}} NCK1","nck2codeTitle":"Enter SIM {{n}} NCK2","hnckcodeTitle":"Enter SIM {{n}} HNCK","rcckcodeTitle":"Enter SIM {{n}} RCCK","rspckcodeTitle":"Enter SIM {{n}} RSPCK","nckcodeLabel":"NCK de la SIM {{n}}","cckcodeLabel":"CCK de la SIM {{n}}","spckcodeLabel":"SPCK de la SIM {{n}}","nck1codeLabel":"SIM {{n}} NCK1","nck2codeLabel":"SIM {{n}} NCK2","hnckcodeLabel":"SIM {{n}} HNCK","rcckcodeLabel":"SIM {{n}} RCCK","rspckcodeLabel":"SIM {{n}} RSPCK","type_nck":"Saisissez votre code NCK","type_cck":"Saisissez votre code CCK","type_spck":"Saisissez votre code SPCK","type_nck1":"Type your NCK1 code","type_nck2":"Type your NCK2 code","type_hnck":"Type your HNCK code","type_rcck":"Type your RCCK code","type_rspck":"Type your RSPCK code","nckValidation":"Le code NCK doit comprendre entre 8 et 16 caractères.","cckValidation":"Le code CCK doit comprendre entre 8 et 16 caractères.","spckValidation":"Le code SPCK doit comprendre entre 8 et 16 caractères.","nck1Validation":"NCK1 must have between 8 and 16 characters.","nck2Validation":"NCK2 must have between 8 and 16 characters.","hnckValidation":"HNCK must have between 8 and 16 characters.","rcckValidation":"RCCK must have between 8 and 16 characters.","rspckValidation":"RSPCK must have between 8 and 16 characters.","nckErrorMsg":"Le code NCK est incorrect.","nckAttemptMsg2":{"_index":["plural","n"],"_":{"one":"La dépersonnalisation du réseau a échoué. C’est votre dernier essai pour saisir le code correct. Veuillez vous référer à la documentation de l’appareil ou contacter votre opérateur pour en savoir plus.","two":"La dépersonnalisation du réseau a échoué. Il vous reste {{n}} essais pour saisir le code correct. Veuillez vous référer à la documentation de l’appareil ou contacter votre opérateur pour en savoir plus.","few":"La dépersonnalisation du réseau a échoué. Il vous reste {{n}} essais pour saisir le code correct. Veuillez vous référer à la documentation de l’appareil ou contacter votre opérateur pour en savoir plus.","many":"La dépersonnalisation du réseau a échoué. Il vous reste {{n}} essais pour saisir le code correct. Veuillez vous référer à la documentation de l’appareil ou contacter votre opérateur pour en savoir plus.","other":"La dépersonnalisation du réseau a échoué. Il vous reste {{n}} essais pour saisir le code correct. Veuillez vous référer à la documentation de l’appareil ou contacter votre opérateur pour en savoir plus."}},"nckLastChanceMsg":"La dépersonnalisation du réseau a échoué. C’est votre dernier essai autorisé pour saisir le code NCK correct. Veuillez vous référer à la documentation de l’appareil ou contacter votre opérateur pour en savoir plus.","skip":"Passer","send":"Envoyer","ok":"OK","simLocked":"La carte SIM est verrouillée","inputCodeRetriesLeft":{"_index":["plural","n"],"_":{"one":"Dernier essai.","two":"{{n}} essais restants.","few":"{{n}} essais restants.","many":"{{n}} essais restants.","other":"{{n}} essais restants."}},"simManager":"SIM","simDetail":"SIM {{n}}","simDefault":"(par défaut)","simDefaultMessage":"Les appels sortants, les messages sortants et la connexion de données utilisent la carte SIM 1 par défaut","simSettingsMessage":"Vous pouvez modifier les paramètres par défaut dans Paramètres > Gestionnaire de cartes SIM","simPinLocked":"Code PIN verrouillé","noOperator":"Aucun opérateur","language":"Langue","3g":"Données mobiles","dataConnection":"Activer la connexion","dataConnectionInfo":"Activer la connexion de données mobiles maintenant vous permettra de configurer votre téléphone sans connexion Wi-Fi. Vous pourrez également l’activer plus tard dans l’application Paramètres. Assurez-vous de disposer d’un forfait de données auprès de votre opérateur afin d’éviter d’éventuels frais supplémentaires.","caution":"Avertissement","geolocation":"Géolocalisation","geolocationCheckbox":"Géolocalisation","geolocationInfo2":"{{brandShortName}} utilise les données du GPS, du Wi-Fi et des réseaux mobiles proches pour déterminer votre position approximative.","geolocationInfoMore":"Les données sont envoyées à Mozilla ainsi qu’à d’autres fournisseurs de services et sont mises en commun afin d’améliorer la précision de la géolocalisation. Les données peuvent être stockées sur votre appareil et la collecte des données peut avoir lieu même lorsqu’aucune application n’est lancée.","notice":"Avertissement","aboutYourPrivacy":"En savoir plus sur la confidentialité","scanningNetworks":"Recherche de réseaux","selectNetwork":"Choix du réseau","shortStatus-connecting":"Connexion…","shortStatus-associated":"Obtention d’une adresse IP…","shortStatus-connected":"Connecté","shortStatus-connectingfailed":"Échec de connexion","shortStatus-disconnected":"Hors ligne","securedBy":"Sécurité : {{capabilities}}","security":"Sécurité","securityNone":"Aucune","securityWEP":"WEP","securityWPA-PSK":"WPA-PSK","securityWPA-EAP":"WPA-EAP","securityOpen":"Ouvert","identity":"Nom d’utilisateur","identityInput":{"placeholder":"Nom d’utilisateur"},"password":"Mot de passe","passwordInput":{"placeholder":"Mot de passe"},"showPassword":"Afficher le mot de passe","refresh":"Actualiser","noWifiFound3":"Aucun réseau sans-fil détecté","join-hidden-button":"Rejoindre un réseau masqué","authentication":"Authentification","ssid-name":"Nom de réseau SSID","dateAndTime":"Date et heure","timezoneTitle":"UTC{{utcOffset}} {{region}}/{{city}}","timeZone":"Fuseau horaire","change":"Modifier","importContacts3":"Importer des contacts","importSim2":"Carte SIM","importFb2":"Facebook","importOutlook":"Outlook","importGmail":"Gmail","fb-checking":"… vérification","notImportedYet":"Pas encore importé","otherAccount":"Autres comptes","afterFbImport":"Vous pouvez importer et modifier vos amis Facebook à n’importe quel moment dans les paramètres de l’application Contacts","firefox-accounts":"Comptes Firefox","fxa-overview":{"innerHTML":"A Firefox Account lets you use features like Find My Device and apps like the Firefox Marketplace."},"fxa-create-account-or-sign-in":"Créer un compte ou se connecter","fxa-email-sent":"A verification link has been sent to {{email}}","about-your-rights-0":"{{brandShortName}} repose sur un logiciel libre et ouvert réalisé par une communauté de milliers de contributeurs dans le monde. Voici ce que vous devriez savoir :","about-your-rights-1":"{{brandShortName}} est fourni selon les termes de plusieurs licences libres dont la Mozilla Public License. Un appareil {{brandShortName}} peut également contenir des logiciels propriétaires de tierces parties. Tout code fourni sous une licence libre vous donne le droit de le modifier et de distribuer vos versions modifiées à condition de respecter les termes de sa licence.","about-your-rights-2":"Il ne vous est cédé aucun droit ou licence sur les marques déposées de la Fondation Mozilla ou de tiers, y compris et sans limitation, sur le nom et le logo de {{brandShortName}}.","about-your-rights-3":"Certaines fonctionnalités de {{brandShortName}}, comme le rapporteur de plantages, vous permettent de fournir un retour à Mozilla. En choisissant d’envoyer ces informations, vous donnez à Mozilla la permission d’utiliser ce retour pour améliorer ses produits, de le publier sur ses sites web et de le distribuer.","about-other":"Autre","SIM_mandatory":"Avertissement carte SIM","SIM_mandatory_warm":"Veuillez insérer une carte SIM et redémarrer votre téléphone.","telemetry-sends":"La télémétrie permet l’envoi à Mozilla d’informations concernant les performances, le matériel et les personnalisations de votre appareil {{brandShortName}}. Nous utilisons cela pour améliorer nos logiciels, les rendre plus rapides et plus adaptés.","learn-more-telemetry":{"innerHTML":"Plus d’informations sur {{link}}"},"learn-more-information":{"innerHTML":"Apprenez-en davantage sur la façon dont Mozilla gère vos informations en visitant {{link}}"},"welcomeBrowser":"Bienvenue dans {{brandShortName}}, le système d’exploitation libre et ouvert de Mozilla. Notre mission est de promouvoir l’ouverture, l’innovation et de faire en sorte que la puissance du Web reste entre vos mains.","learn-more-privacy":{"innerHTML":"Apprenez-en davantage sur la façon dont Mozilla gère vos informations dans notre {{link}}."},"learn-more-privacy-link":"politique de confidentialité","aboutBrowser":"À propos de {{brandShortName}}","aboutYourPrivacy2":"Votre vie privée","mozillaCommunity2":"En utilisant {{brandShortName}}, vous rejoignez une communauté mondiale qui œuvre à un avenir meilleur pour le Web. Si vous désirez en apprendre davantage sur la communauté Mozilla, nos autres logiciels et les évènements proches de chez vous, saisissez votre adresse électronique ci-dessous.","collaborate":"Je souhaite aider à améliorer {{brandShortName}} en partageant des informations concernant mon téléphone.","learnMore":"En savoir plus.","emailAddress":{"placeholder":"Adresse électronique"},"email-successfully-added":"Adresse électronique ajoutée avec succès","email-loading":"Enregistrement de votre adresse électronique…","privacy-b2g":{"_":"{{brandShortName}}","title":"{{brandShortName}}"},"privacy-marketplace":{"_":"Marketplace","title":"{{privacy-marketplace}}"},"privacy-e-me":{"_":"everything.me","title":"{{privacy-e-me}}"},"navbar-back":"Retour","navbar-next":"Suivant","navbar-join":"Rejoindre","done":"Fini","thatsIt":"Et voilà !","startYourPhone":"Visite guidée de votre téléphone","startYourTablet":"Visite guidée de votre tablette","joinTutorial":"Découvrons votre téléphone à l’aide d’un rapide tutoriel.","enjoyYourPhone":"Vous êtes prêt à profiter de votre nouveau téléphone.","optionsAvailable":"Vous pouvez changer la langue, la date/l’heure et la connexion Wi-Fi dans les paramètres.","letsGo":"C’est parti","startTour":"Lancer la visite","thatsIt1Tablet-2":"Vous pouvez à tout moment revenir à l’écran d’accueil en faisant glisser votre doigt depuis le bord inférieur de l’écran.","thatsIt2Tablet-2":"C’est parti !","tutorial-step1-tiny":"Faites glisser de droite à gauche pour parcourir vos applications.","tutorial-step2-tiny":"Effectuez un appui long sur une icône pour la supprimer ou la déplacer.","tutorial-step3-tiny":"Saisissez n’importe quel mot-clé ou sujet et votre téléphone s’adaptera instantanément.","tutorial-step4-tiny":"Faites glisser vers le bas pour afficher les dernières notifications, le solde et les paramètres.","tutorial-step5-tiny":"Effectuez un appui long sur le bouton Accueil pour naviguer entre les applications ouvertes et pouvoir les fermer.","tutorial-step6-tiny":"Faites glisser depuis l’un des bords latéraux de l’écran pour naviguer parmi les applications ouvertes.","tutorial-step1-large-2":"Faites glisser vers le bas pour afficher les dernières notifications, le solde et les paramètres.","tutorial-step2-large-2":"Faites glisser à gauche ou à droite pour découvrir les nouvelles applications de votre écran d’accueil.","tutorial-step3-large-2":"Effectuez un appui long sur une icône pour la supprimer ou la déplacer.","tutorial-step4-large-2":"Faites glisser deux doigts depuis le bas de l’écran pour afficher les applications ouvertes.","offline-dialog-title":"Vous devez être connecté à Internet pour afficher la page.","offline-dialog-text":"Veuillez revenir en arrière et vous connecter à Internet. Vous pouvez également afficher cette page plus tard depuis l’application Paramètres ou en saisissant {{url}} depuis n’importe quel navigateur web.","OK":"OK","offline-newsletter-dialog-title":"Vous devez être connecté à Internet pour vous abonner à la lettre d’information.","offline-newsletter-dialog-text":"Veuillez revenir en arrière et vous connecter à Internet.","invalid-email-dialog-title":"Votre adresse électronique n’est pas valide.","invalid-email-dialog-text":"Veuillez revenir en arrière et corriger votre saisie.","cancel":"Annuler","weekday-0-long":"Dimanche","weekday-1-long":"Lundi","weekday-2-long":"Mardi","weekday-3-long":"Mercredi","weekday-4-long":"Jeudi","weekday-5-long":"Vendredi","weekday-6-long":"Samedi","weekday-0-short":"dim","weekday-1-short":"lun","weekday-2-short":"mar","weekday-3-short":"mer","weekday-4-short":"jeu","weekday-5-short":"ven","weekday-6-short":"sam","month-0-long":"Janvier","month-1-long":"Février","month-2-long":"Mars","month-3-long":"Avril","month-4-long":"Mai","month-5-long":"Juin","month-6-long":"Juillet","month-7-long":"Août","month-8-long":"Septembre","month-9-long":"Octobre","month-10-long":"Novembre","month-11-long":"Décembre","month-0-genitive":"janvier","month-1-genitive":"février","month-2-genitive":"mars","month-3-genitive":"avril","month-4-genitive":"mai","month-5-genitive":"juin","month-6-genitive":"juillet","month-7-genitive":"août","month-8-genitive":"septembre","month-9-genitive":"octobre","month-10-genitive":"novembre","month-11-genitive":"décembre","month-0-short":"jan.","month-1-short":"fév.","month-2-short":"mars","month-3-short":"avr.","month-4-short":"mai","month-5-short":"juin","month-6-short":"juil.","month-7-short":"août","month-8-short":"sep.","month-9-short":"oct.","month-10-short":"nov.","month-11-short":"déc.","minutes-ago-long":{"_index":["plural","value"],"_":{"zero":"à l’instant","one":"il y a {{value}} minute","two":"il y a {{value}} minutes","few":"il y a {{value}} minutes","many":"il y a {{value}} minutes","other":"il y a {{value}} minutes"}},"hours-ago-long":{"_index":["plural","value"],"_":{"zero":"à l’instant","one":"il y a {{value}} heure","two":"il y a {{value}} heures","few":"il y a {{value}} heures","many":"il y a {{value}} heures","other":"il y a {{value}} heures"}},"days-ago-long":{"_index":["plural","value"],"_":{"zero":"aujourd’hui","one":"hier","two":"il y a {{value}} jours","few":"il y a {{value}} jours","many":"il y a {{value}} jours","other":"il y a {{value}} jours"}},"weeks-ago-long":{"_index":["plural","value"],"_":{"zero":"cette semaine","one":"la semaine dernière","two":"il y a {{value}} semaines","few":"il y a {{value}} semaines","many":"il y a {{value}} semaines","other":"il y a {{value}} semaines"}},"months-ago-long":{"_index":["plural","value"],"_":{"zero":"ce mois-ci","one":"le mois dernier","two":"il y a {{value}} mois","few":"il y a {{value}} mois","many":"il y a {{value}} mois","other":"il y a {{value}} mois"}},"years-ago-long":{"_index":["plural","value"],"_":{"zero":"cette année","one":"l’année dernière","two":"il y a {{value}} ans","few":"il y a {{value}} ans","many":"il y a {{value}} ans","other":"il y a {{value}} ans"}},"minutes-until-long":{"_index":["plural","value"],"_":{"zero":"maintenant","one":"dans {{value}} minute","two":"dans {{value}} minutes","few":"dans {{value}} minutes","many":"dans {{value}} minutes","other":"dans {{value}} minutes"}},"hours-until-long":{"_index":["plural","value"],"_":{"zero":"maintenant","one":"dans {{value}} heure","two":"dans {{value}} heures","few":"dans {{value}} heures","many":"dans {{value}} heures","other":"dans {{value}} heures"}},"days-until-long":{"_index":["plural","value"],"_":{"zero":"aujourd’hui","one":"demain","two":"dans {{value}} jours","few":"dans {{value}} jours","many":"dans {{value}} jours","other":"dans {{value}} jours"}},"weeks-until-long":{"_index":["plural","value"],"_":{"zero":"cette semaine","one":"la semaine prochaine","two":"dans {{value}} semaines","few":"dans {{value}} semaines","many":"dans {{value}} semaines","other":"dans {{value}} semaines"}},"months-until-long":{"_index":["plural","value"],"_":{"zero":"ce mois-ci","one":"le mois prochain","two":"dans {{value}} mois","few":"dans {{value}} mois","many":"dans {{value}} mois","other":"dans {{value}} mois"}},"years-until-long":{"_index":["plural","value"],"_":{"zero":"cette année","one":"l’année prochaine","two":"dans {{value}} ans","few":"dans {{value}} ans","many":"dans {{value}} ans","other":"dans {{value}} ans"}},"minutes-ago-short":{"_index":["plural","value"],"_":{"zero":"à l’instant","other":"il y a {{value}} min"}},"hours-ago-short":{"_index":["plural","value"],"_":{"zero":"à l’instant","other":"il y a {{value}}h"}},"days-ago-short":{"_index":["plural","value"],"_":{"zero":"aujourd’hui","other":"il y a {{value}}j"}},"minutes-until-short":{"_index":["plural","value"],"_":{"zero":"maintenant","other":"dans {{value}}m"}},"hours-until-short":{"_index":["plural","value"],"_":{"zero":"maintenant","other":"dans {{value}}h"}},"days-until-short":{"_index":["plural","value"],"_":{"zero":"aujourd’hui","other":"dans {{value}}j"}},"incorrectDate":"(date incorrecte)","dateTimeFormat_%c":"%a %e %b %Y %H:%M:%S","dateTimeFormat_%x":"%d/%m/%Y","dateTimeFormat_%X":"%H:%M:%S","shortTimeFormat":"%H:%M","shortDateTimeFormat":"%x %H:%M","weekStartsOnMonday":"1","time_am":"AM","time_pm":"PM","tz-region":"Région","tz-city":"Ville","tzRegion-Africa":"Afrique","tzRegion-America":"Amérique","tzRegion-Antarctica":"Antarctique","tzRegion-Asia":"Asie","tzRegion-Atlantic":"Océan Atlantique","tzRegion-Australia":"Australie","tzRegion-Europe":"Europe","tzRegion-Indian":"Océan Indien","tzRegion-Pacific":"Océan Pacifique"}