{"close":"Ƈŀǿǿşḗḗ","import":"Īīḿƥǿǿřŧ","update":"Ŭŭƥḓȧȧŧḗḗ","fbFriends":"Ƒȧȧƈḗḗƀǿǿǿǿķ Ƒřīīḗḗƞḓş","live-serviceName":"Ǿǿŭŭŧŀǿǿǿǿķ","gmail-serviceName":"Ɠḿȧȧīīŀ","facebook-serviceName":"Ƒȧȧƈḗḗƀǿǿǿǿķ Ƒřīīḗḗƞḓş","selectAll":"Şḗḗŀḗḗƈŧ ȧȧŀŀ","deselectAll":"Ḓḗḗşḗḗŀḗḗƈŧ ȧȧŀŀ","viewAll":"Ṽīīḗḗẇ Ȧȧŀŀ Ƒȧȧƈḗḗƀǿǿǿǿķ Ƒřīīḗḗƞḓş","viewRecommend":"Ṽīīḗḗẇ Ǿǿƞŀẏ Řḗḗƈǿǿḿḿḗḗƞḓḗḗḓ","linkProposal":{"_":{"zero":"Ƞǿǿ ḿȧȧŧƈħīīƞɠ ƒřīīḗḗƞḓş. Şħǿǿẇīīƞɠ ȧȧŀŀ","one":"Şḗḗŀḗḗƈŧ ŧħḗḗ řḗḗƈǿǿḿḿḗḗƞḓḗḗḓ ǿǿƞḗḗ","two":"Şḗḗŀḗḗƈŧ ȧȧ řḗḗƈǿǿḿḿḗḗƞḓḗḗḓ ǿǿƞḗḗ","few":"Şḗḗŀḗḗƈŧ ȧȧ řḗḗƈǿǿḿḿḗḗƞḓḗḗḓ ǿǿƞḗḗ","many":"Şḗḗŀḗḗƈŧ ȧȧ řḗḗƈǿǿḿḿḗḗƞḓḗḗḓ ǿǿƞḗḗ","other":"Şḗḗŀḗḗƈŧ ȧȧ řḗḗƈǿǿḿḿḗḗƞḓḗḗḓ ǿǿƞḗḗ"}},"fbFriendsFound":{"_":{"zero":"Ȧȧŀŀ ẏǿǿŭŭř ƒřīīḗḗƞḓş ȧȧřḗḗ īīḿƥǿǿřŧḗḗḓ","one":"Ƒǿǿŭŭƞḓ ǿǿƞḗḗ ƒřīīḗḗƞḓ ŧǿǿ īīḿƥǿǿřŧ","two":"Ƒǿǿŭŭƞḓ {{numFriends}} ƒřīīḗḗƞḓş ŧǿǿ īīḿƥǿǿřŧ","few":"Ƒǿǿŭŭƞḓ {{numFriends}} ƒřīīḗḗƞḓş ŧǿǿ īīḿƥǿǿřŧ","many":"Ƒǿǿŭŭƞḓ {{numFriends}} ƒřīīḗḗƞḓş ŧǿǿ īīḿƥǿǿřŧ","other":"Ƒǿǿŭŭƞḓ {{numFriends}} ƒřīīḗḗƞḓş ŧǿǿ īīḿƥǿǿřŧ"}},"facebook":"Ƒȧȧƈḗḗƀǿǿǿǿķ","search-contact":{"placeholder":"Şḗḗȧȧřƈħ"},"noResults":"Ƞǿǿ ƈǿǿƞŧȧȧƈŧş ƒǿǿŭŭƞḓ","done-search":"Ḓǿǿƞḗḗ","progressFB3ImportTitle":"Īīḿƥǿǿřŧīīƞɠ ƒřīīḗḗƞḓş ŧǿǿ Ƈǿǿƞŧȧȧƈŧş","progressFB":"{{current}}/{{total}}","progressFB3UpdateTitle":"Ŭŭƥḓȧȧŧīīƞɠ ƒřīīḗḗƞḓş īīƞ Ƈǿǿƞŧȧȧƈŧş","message2":"Ŧħīīş ḿȧȧẏ ŧȧȧķḗḗ ȧȧ ƈǿǿŭŭƥŀḗḗ ǿǿƒ ḿīīƞŭŭŧḗḗş","messageLinking":"Ƥŀḗḗȧȧşḗḗ ħǿǿŀḓ ǿǿƞ. Ẇḗḗ ȧȧřḗḗ ŀīīƞķīīƞɠ ẏǿǿŭŭř ƒřīīḗḗƞḓ ȧȧƞḓ ẏǿǿŭŭř ƈǿǿƞŧȧȧƈŧ.","messageCanceling":"Ƥŀḗḗȧȧşḗḗ ħǿǿŀḓ ǿǿƞ. Ẇḗḗ ȧȧřḗḗ ƈȧȧƞƈḗḗŀīīƞɠ ŧħḗḗ ǿǿƞɠǿǿīīƞɠ ǿǿƥḗḗřȧȧŧīīǿǿƞ.","error1":"Ḗḗřřǿǿř {{from}}","error2":"Ḓǿǿ ẏǿǿŭŭ ẇȧȧƞŧ ŧǿǿ řḗḗŧřẏ?","errorProposal":"ƈȧȧŀƈŭŭŀȧȧŧīīƞɠ ƥřǿǿƥǿǿşȧȧŀş","errorFriends":"řḗḗŧřīīḗḗṽīīƞɠ ƒřīīḗḗƞḓş","errorLinking":"ŀīīƞķīīƞɠ ƈǿǿƞŧȧȧƈŧ","timeout1":"Ḗḗẋƈḗḗḗḗḓḗḗḓ ŧīīḿḗḗǿǿŭŭŧ {{from}}","timeout2":"Ḓǿǿ ẏǿǿŭŭ ẇȧȧƞŧ ŧǿǿ řḗḗŧřẏ?","timeoutProposal":"ƈȧȧŀƈŭŭŀȧȧŧīīƞɠ ƥřǿǿƥǿǿşȧȧŀş","timeoutFriends":"řḗḗŧřīīḗḗṽīīƞɠ ƒřīīḗḗƞḓş","timeoutLinking":"ŀīīƞķīīƞɠ ƈǿǿƞŧȧȧƈŧş","wait1":"Ƥŀḗḗȧȧşḗḗ ħǿǿŀḓ ǿǿƞ","wait2":"Ŧħīīş ḿȧȧẏ ŧȧȧķḗḗ ȧȧ ƈǿǿŭŭƥŀḗḗ ǿǿƒ ḿīīƞŭŭŧḗḗş","waitProposal":"Ƥŀḗḗȧȧşḗḗ ħǿǿŀḓ ǿǿƞ. Ẇḗḗ ȧȧřḗḗ ƈȧȧŀƈŭŭŀȧȧŧīīƞɠ ȧȧ ƥřǿǿƥǿǿşȧȧŀ.","waitFriends":"Ƥŀḗḗȧȧşḗḗ ħǿǿŀḓ ǿǿƞ. Ẇḗḗ ȧȧřḗḗ ƈǿǿƞƞḗḗƈŧīīƞɠ ŧǿǿ ǿǿƀŧȧȧīīƞ ẏǿǿŭŭř ƒřīīḗḗƞḓ ŀīīşŧ.","curtainCancel":"Ƈȧȧƞƈḗḗŀ","curtainRetry":"Řḗḗŧřẏ","curtainOK":"ǾǿĶ","connectionLost":"Ƞǿǿ Īīƞŧḗḗřƞḗḗŧ ƈǿǿƞƞḗḗƈŧīīǿǿƞ","connectionLostMsg":"Ƒřīīḗḗƞḓş’ ƥħǿǿŧǿǿş ẇīīŀŀ ƞǿǿŧ ƀḗḗ ȧȧḓḓḗḗḓ ŧǿǿ ẏǿǿŭŭř ƈǿǿƞŧȧȧƈŧş. Ƈǿǿƞŧīīƞŭŭḗḗ ȧȧƞẏẇȧȧẏ?","yesOption":"ǾǿĶ","noOption":"Ƈȧȧƞƈḗḗŀ","friendsUpdated":{"_":{"zero":"Ƞǿǿ ƒřīīḗḗƞḓş ŭŭƥḓȧȧŧḗḗḓ","one":"Ŭŭƥḓȧȧŧḗḗḓ ǿǿƞḗḗ ƒřīīḗḗƞḓ","two":"Ŭŭƥḓȧȧŧḗḗḓ {{numFriends}} ƒřīīḗḗƞḓş","few":"Ŭŭƥḓȧȧŧḗḗḓ {{numFriends}} ƒřīīḗḗƞḓş","many":"Ŭŭƥḓȧȧŧḗḗḓ {{numFriends}} ƒřīīḗḗƞḓş","other":"Ŭŭƥḓȧȧŧḗḗḓ {{numFriends}} ƒřīīḗḗƞḓş"}},"notificationLogin":"Ẏǿǿŭŭř Ƒȧȧƈḗḗƀǿǿǿǿķ şḗḗşşīīǿǿƞ īīş īīƞṽȧȧŀīīḓ. Ƥŀḗḗȧȧşḗḗ şīīɠƞ īīƞ.","syncError":"Ŧħḗḗřḗḗ ẇȧȧş ȧȧƞ ḗḗřřǿǿř şẏƞƈħřǿǿƞīīẑīīƞɠ ẏǿǿŭŭř ƒřīīḗḗƞḓ’ş ḓȧȧŧȧȧ","brandShortName":"Ɓ2Ɠ ǾǿŞ","browserBrandShortName":"Ẇḗḗƀ Ɓřǿǿẇşḗḗř","browserBrandFullName":"Ḿǿǿẑīīŀŀȧȧ Ẇḗḗƀ Ɓřǿǿẇşḗḗř","back":"Ɓȧȧƈķ","noSimMsg":"Ŧǿǿ īīḿƥǿǿřŧ ƈǿǿƞŧȧȧƈŧş īīƞşḗḗřŧ ǿǿř ŭŭƞŀǿǿƈķ ẏǿǿŭŭř ŞĪīḾ ƈȧȧřḓ","noMemoryCardMsg":"Ŧǿǿ īīḿƥǿǿřŧ ƈǿǿƞŧȧȧƈŧş īīƞşḗḗřŧ ȧȧ ḿḗḗḿǿǿřẏ ƈȧȧřḓ","importMemoryCard":"Ḿḗḗḿǿǿřẏ ƈȧȧřḓ","noConnection11":"Ŧǿǿ īīḿƥǿǿřŧ Ƒȧȧƈḗḗƀǿǿǿǿķ ƒřīīḗḗƞḓş ǿǿř ƈǿǿƞŧȧȧƈŧş ƈǿǿƞƞḗḗƈŧ ŧǿǿ Ẇīī-Ƒīī ǿǿř ḓȧȧŧȧȧ ƞḗḗŧẇǿǿřķ","simContacts-import":"Īīḿƥǿǿřŧ ŞĪīḾ ƈǿǿƞŧȧȧƈŧş","simContacts-importing":"Īīḿƥǿǿřŧīīƞɠ ŞĪīḾ ƈǿǿƞŧȧȧƈŧş…","simContacts-reading":"Řḗḗȧȧḓīīƞɠ ƒřǿǿḿ ŞĪīḾ ƈȧȧřḓ…","simContacts-error":"Ƈǿǿŭŭŀḓ ƞǿǿŧ īīḿƥǿǿřŧ ƈǿǿƞŧȧȧƈŧş ƒřǿǿḿ ŞĪīḾ","simContacts-imported3":{"_":{"zero":"Ƞǿǿ ƈǿǿƞŧȧȧƈŧş ḓḗḗŧḗḗƈŧḗḗḓ ǿǿƞ ŞĪīḾ ŧǿǿ īīḿƥǿǿřŧ","one":"Īīḿƥǿǿřŧḗḗḓ ǿǿƞḗḗ ƈǿǿƞŧȧȧƈŧ","two":"Īīḿƥǿǿřŧḗḗḓ {{n}} ƈǿǿƞŧȧȧƈŧş","few":"Īīḿƥǿǿřŧḗḗḓ {{n}} ƈǿǿƞŧȧȧƈŧş","many":"Īīḿƥǿǿřŧḗḗḓ {{n}} ƈǿǿƞŧȧȧƈŧş","other":"Īīḿƥǿǿřŧḗḗḓ {{n}} ƈǿǿƞŧȧȧƈŧş"}},"memoryCardContacts-import":"Īīḿƥǿǿřŧ ƈǿǿƞŧȧȧƈŧş ƒřǿǿḿ ḿḗḗḿǿǿřẏ ƈȧȧřḓ","memoryCardContacts-importing":"Īīḿƥǿǿřŧīīƞɠ ƈǿǿƞŧȧȧƈŧş ƒřǿǿḿ ḿḗḗḿǿǿřẏ ƈȧȧřḓ…","memoryCardContacts-reading":"Řḗḗȧȧḓīīƞɠ ƒřǿǿḿ ḿḗḗḿǿǿřẏ ƈȧȧřḓ…","memoryCardContacts-error":"Ƈǿǿŭŭŀḓ ƞǿǿŧ īīḿƥǿǿřŧ ƈǿǿƞŧȧȧƈŧş ƒřǿǿḿ ḿḗḗḿǿǿřẏ ƈȧȧřḓ","memoryCardContacts-imported3":{"_":{"zero":"Ƞǿǿ ƈǿǿƞŧȧȧƈŧş ḓḗḗŧḗḗƈŧḗḗḓ ǿǿƞ ḿḗḗḿǿǿřẏ ƈȧȧřḓ ŧǿǿ īīḿƥǿǿřŧ","one":"Īīḿƥǿǿřŧḗḗḓ ǿǿƞḗḗ ƈǿǿƞŧȧȧƈŧ","two":"Īīḿƥǿǿřŧḗḗḓ {{n}} ƈǿǿƞŧȧȧƈŧş","few":"Īīḿƥǿǿřŧḗḗḓ {{n}} ƈǿǿƞŧȧȧƈŧş","many":"Īīḿƥǿǿřŧḗḗḓ {{n}} ƈǿǿƞŧȧȧƈŧş","other":"Īīḿƥǿǿřŧḗḗḓ {{n}} ƈǿǿƞŧȧȧƈŧş"}},"genericProgress":"{{current}}/{{total}}","facebook-import-msg":{"_":{"zero":"Ƞǿǿ ƒřīīḗḗƞḓş īīḿƥǿǿřŧḗḗḓ (ǿǿŭŭŧ ǿǿƒ {{total}})","one":"Ǿǿƞḗḗ ƒřīīḗḗƞḓ īīḿƥǿǿřŧḗḗḓ (ǿǿŭŭŧ ǿǿƒ {{total}})","two":"{{imported}}/{{total}} ƒřīīḗḗƞḓş īīḿƥǿǿřŧḗḗḓ","few":"{{imported}}/{{total}} ƒřīīḗḗƞḓş īīḿƥǿǿřŧḗḗḓ","many":"{{imported}}/{{total}} ƒřīīḗḗƞḓş īīḿƥǿǿřŧḗḗḓ","other":"{{imported}}/{{total}} ƒřīīḗḗƞḓş īīḿƥǿǿřŧḗḗḓ"}},"pincode2":"Ḗḗƞŧḗḗř ƤĪīȠ ƈǿǿḓḗḗ","type_pin":"Ŧẏƥḗḗ ẏǿǿŭŭř ƤĪīȠ ƈǿǿḓḗḗ","pincodeLabel":"ŞĪīḾ {{n}} ƤĪīȠ","pinValidation":"ƤĪīȠ ḿŭŭşŧ ħȧȧṽḗḗ ƀḗḗŧẇḗḗḗḗƞ 4 ȧȧƞḓ 8 ƈħȧȧřȧȧƈŧḗḗřş.","pinError":"Ŧħḗḗ ƤĪīȠ ẇȧȧş īīƞƈǿǿřřḗḗƈŧ.","pinAttemptMsg2":{"_":{"one":"Ẏǿǿŭŭ ħȧȧṽḗḗ ǿǿƞḗḗ ŧřẏ ŀḗḗƒŧ ŧǿǿ ḗḗƞŧḗḗř ŧħḗḗ ƈǿǿřřḗḗƈŧ ƈǿǿḓḗḗ ƀḗḗƒǿǿřḗḗ ŀǿǿƈķīīƞɠ ŧħḗḗ ŞĪīḾ ƈȧȧřḓ.","two":"Ẏǿǿŭŭ ħȧȧṽḗḗ {{n}} ŧřīīḗḗş ŀḗḗƒŧ ŧǿǿ ḗḗƞŧḗḗř ŧħḗḗ ƈǿǿřřḗḗƈŧ ƈǿǿḓḗḗ ƀḗḗƒǿǿřḗḗ ŀǿǿƈķīīƞɠ ŧħḗḗ ŞĪīḾ ƈȧȧřḓ.","few":"Ẏǿǿŭŭ ħȧȧṽḗḗ {{n}} ŧřīīḗḗş ŀḗḗƒŧ ŧǿǿ ḗḗƞŧḗḗř ŧħḗḗ ƈǿǿřřḗḗƈŧ ƈǿǿḓḗḗ ƀḗḗƒǿǿřḗḗ ŀǿǿƈķīīƞɠ ŧħḗḗ ŞĪīḾ ƈȧȧřḓ.","many":"Ẏǿǿŭŭ ħȧȧṽḗḗ {{n}} ŧřīīḗḗş ŀḗḗƒŧ ŧǿǿ ḗḗƞŧḗḗř ŧħḗḗ ƈǿǿřřḗḗƈŧ ƈǿǿḓḗḗ ƀḗḗƒǿǿřḗḗ ŀǿǿƈķīīƞɠ ŧħḗḗ ŞĪīḾ ƈȧȧřḓ.","other":"Ẏǿǿŭŭ ħȧȧṽḗḗ {{n}} ŧřīīḗḗş ŀḗḗƒŧ ŧǿǿ ḗḗƞŧḗḗř ŧħḗḗ ƈǿǿřřḗḗƈŧ ƈǿǿḓḗḗ ƀḗḗƒǿǿřḗḗ ŀǿǿƈķīīƞɠ ŧħḗḗ ŞĪīḾ ƈȧȧřḓ."}},"pinLastChanceMsg":"Ŧħīīş īīş ẏǿǿŭŭř ŀȧȧşŧ ƈħȧȧƞƈḗḗ ŧǿǿ ḗḗƞŧḗḗř ŧħḗḗ ƈǿǿřřḗḗƈŧ ƤĪīȠ. Ǿǿŧħḗḗřẇīīşḗḗ, ẏǿǿŭŭ ḿŭŭşŧ ḗḗƞŧḗḗř ŧħḗḗ ƤŬŭĶ ƈǿǿḓḗḗ ŧǿǿ ŭŭşḗḗ ŧħīīş ŞĪīḾ ƈȧȧřḓ.","pukcode":"Ḗḗƞŧḗḗř ƤŬŭĶ ƈǿǿḓḗḗ","pukcodeTitle":"Ḗḗƞŧḗḗř ŞĪīḾ {{n}} ƤŬŭĶ","pukcodeLabel":"ŞĪīḾ {{n}} ƤŬŭĶ","type_puk":"ƤŬŭĶ ƈǿǿḓḗḗ","pukValidation":"ƤŬŭĶ ƈǿǿḓḗḗ ḿŭŭşŧ ħȧȧṽḗḗ ḗḗẋȧȧƈŧŀẏ 8 ƈħȧȧřȧȧƈŧḗḗřş.","pukInfo":"Ẏǿǿŭŭ ḿŭŭşŧ ḗḗƞŧḗḗř ŧħḗḗ Ƥḗḗřşǿǿƞȧȧŀ Ŭŭƞŀǿǿƈķīīƞɠ Ķḗḗẏ (ƤŬŭĶ) Ƈǿǿḓḗḗ ƒǿǿř ŧħḗḗ ŞĪīḾ ƈȧȧřḓ. Řḗḗƒḗḗř ŧǿǿ ẏǿǿŭŭř ŞĪīḾ ƈȧȧřḓ ḓǿǿƈŭŭḿḗḗƞŧȧȧŧīīǿǿƞ ǿǿř ƈǿǿƞŧȧȧƈŧ ẏǿǿŭŭř ƈȧȧřřīīḗḗř ƒǿǿř ḿǿǿřḗḗ īīƞƒǿǿřḿȧȧŧīīǿǿƞ.","pukError":"Ŧħḗḗ ƤŬŭĶ ẇȧȧş īīƞƈǿǿřřḗḗƈŧ.","pukAttemptMsg2":{"_":{"one":"Ẏǿǿŭŭ ħȧȧṽḗḗ ǿǿƞḗḗ ŧřẏ ŀḗḗƒŧ ŧǿǿ ḗḗƞŧḗḗř ŧħḗḗ ƈǿǿřřḗḗƈŧ ƈǿǿḓḗḗ ƀḗḗƒǿǿřḗḗ ŧħīīş ŞĪīḾ ƈȧȧřḓ ẇīīŀŀ ƀḗḗ ƥḗḗřḿȧȧƞḗḗƞŧŀẏ ŭŭƞŭŭşȧȧƀŀḗḗ. Řḗḗƒḗḗř ŧǿǿ ẏǿǿŭŭř ŞĪīḾ ƈȧȧřḓ ḓǿǿƈŭŭḿḗḗƞŧȧȧŧīīǿǿƞ ǿǿř ƈǿǿƞŧȧȧƈŧ ẏǿǿŭŭř ƈȧȧřřīīḗḗř ƒǿǿř ḿǿǿřḗḗ īīƞƒǿǿřḿȧȧŧīīǿǿƞ.","two":"Ẏǿǿŭŭ ħȧȧṽḗḗ {{n}} ŧřīīḗḗş ŀḗḗƒŧ ŧǿǿ ḗḗƞŧḗḗř ŧħḗḗ ƈǿǿřřḗḗƈŧ ƈǿǿḓḗḗ ƀḗḗƒǿǿřḗḗ ŧħīīş ŞĪīḾ ƈȧȧřḓ ẇīīŀŀ ƀḗḗ ƥḗḗřḿȧȧƞḗḗƞŧŀẏ ŭŭƞŭŭşȧȧƀŀḗḗ. Řḗḗƒḗḗř ŧǿǿ ẏǿǿŭŭř ŞĪīḾ ƈȧȧřḓ ḓǿǿƈŭŭḿḗḗƞŧȧȧŧīīǿǿƞ ǿǿř ƈǿǿƞŧȧȧƈŧ ẏǿǿŭŭř ƈȧȧřřīīḗḗř ƒǿǿř ḿǿǿřḗḗ īīƞƒǿǿřḿȧȧŧīīǿǿƞ.","few":"Ẏǿǿŭŭ ħȧȧṽḗḗ {{n}} ŧřīīḗḗş ŀḗḗƒŧ ŧǿǿ ḗḗƞŧḗḗř ŧħḗḗ ƈǿǿřřḗḗƈŧ ƈǿǿḓḗḗ ƀḗḗƒǿǿřḗḗ ŧħīīş ŞĪīḾ ƈȧȧřḓ ẇīīŀŀ ƀḗḗ ƥḗḗřḿȧȧƞḗḗƞŧŀẏ ŭŭƞŭŭşȧȧƀŀḗḗ. Řḗḗƒḗḗř ŧǿǿ ẏǿǿŭŭř ŞĪīḾ ƈȧȧřḓ ḓǿǿƈŭŭḿḗḗƞŧȧȧŧīīǿǿƞ ǿǿř ƈǿǿƞŧȧȧƈŧ ẏǿǿŭŭř ƈȧȧřřīīḗḗř ƒǿǿř ḿǿǿřḗḗ īīƞƒǿǿřḿȧȧŧīīǿǿƞ.","many":"Ẏǿǿŭŭ ħȧȧṽḗḗ {{n}} ŧřīīḗḗş ŀḗḗƒŧ ŧǿǿ ḗḗƞŧḗḗř ŧħḗḗ ƈǿǿřřḗḗƈŧ ƈǿǿḓḗḗ ƀḗḗƒǿǿřḗḗ ŧħīīş ŞĪīḾ ƈȧȧřḓ ẇīīŀŀ ƀḗḗ ƥḗḗřḿȧȧƞḗḗƞŧŀẏ ŭŭƞŭŭşȧȧƀŀḗḗ. Řḗḗƒḗḗř ŧǿǿ ẏǿǿŭŭř ŞĪīḾ ƈȧȧřḓ ḓǿǿƈŭŭḿḗḗƞŧȧȧŧīīǿǿƞ ǿǿř ƈǿǿƞŧȧȧƈŧ ẏǿǿŭŭř ƈȧȧřřīīḗḗř ƒǿǿř ḿǿǿřḗḗ īīƞƒǿǿřḿȧȧŧīīǿǿƞ.","other":"Ẏǿǿŭŭ ħȧȧṽḗḗ {{n}} ŧřīīḗḗş ŀḗḗƒŧ ŧǿǿ ḗḗƞŧḗḗř ŧħḗḗ ƈǿǿřřḗḗƈŧ ƈǿǿḓḗḗ ƀḗḗƒǿǿřḗḗ ŧħīīş ŞĪīḾ ƈȧȧřḓ ẇīīŀŀ ƀḗḗ ƥḗḗřḿȧȧƞḗḗƞŧŀẏ ŭŭƞŭŭşȧȧƀŀḗḗ. Řḗḗƒḗḗř ŧǿǿ ẏǿǿŭŭř ŞĪīḾ ƈȧȧřḓ ḓǿǿƈŭŭḿḗḗƞŧȧȧŧīīǿǿƞ ǿǿř ƈǿǿƞŧȧȧƈŧ ẏǿǿŭŭř ƈȧȧřřīīḗḗř ƒǿǿř ḿǿǿřḗḗ īīƞƒǿǿřḿȧȧŧīīǿǿƞ."}},"pukLastChanceMsg":"Ŧħīīş īīş ẏǿǿŭŭř ŀȧȧşŧ ƈħȧȧƞƈḗḗ ŧǿǿ ḗḗƞŧḗḗř ŧħḗḗ ƈǿǿřřḗḗƈŧ ƤŬŭĶ ƈǿǿḓḗḗ. Ẏǿǿŭŭř ŞĪīḾ ƈȧȧřḓ ẇīīŀŀ ƀḗḗ ƥḗḗřḿȧȧƞḗḗƞŧŀẏ ŭŭƞŭŭşȧȧƀŀḗḗ īīƒ ẏǿǿŭŭ ḗḗƞŧḗḗř īīƞ ŧħḗḗ ẇřǿǿƞɠ ƤŬŭĶ ƈǿǿḓḗḗ.","create_newpin":"Ƈřḗḗȧȧŧḗḗ ƞḗḗẇ ƤĪīȠ (4 ŧǿǿ 8 ḓīīɠīīŧş)","confirm_newpin":"Ƈǿǿƞƒīīřḿ ƞḗḗẇ ƤĪīȠ","newpinConfirmation":"ƤĪīȠş ḓǿǿƞ’ŧ ḿȧȧŧƈħ","nckcode":"Ḗḗƞŧḗḗř ȠƇĶ ƈǿǿḓḗḗ","cckcode":"Ḗḗƞŧḗḗř ƇƇĶ ƈǿǿḓḗḗ","spckcode":"Ḗḗƞŧḗḗř ŞƤƇĶ ƈǿǿḓḗḗ","nck1code":"Ḗḗƞŧḗḗř ȠƇĶ1 ƈǿǿḓḗḗ","nck2code":"Ḗḗƞŧḗḗř ȠƇĶ2 ƈǿǿḓḗḗ","hnckcode":"Ḗḗƞŧḗḗř ĦȠƇĶ ƈǿǿḓḗḗ","rcckcode":"Ḗḗƞŧḗḗř ŘƇƇĶ ƈǿǿḓḗḗ","rspckcode":"Ḗḗƞŧḗḗř ŘŞƤƇĶ ƈǿǿḓḗḗ","nckcodeTitle":"Ḗḗƞŧḗḗř ŞĪīḾ {{n}} ȠƇĶ","cckcodeTitle":"Ḗḗƞŧḗḗř ŞĪīḾ {{n}} ƇƇĶ","spckcodeTitle":"Ḗḗƞŧḗḗř ŞĪīḾ {{n}} ŞƤƇĶ","nck1codeTitle":"Ḗḗƞŧḗḗř ŞĪīḾ {{n}} ȠƇĶ1","nck2codeTitle":"Ḗḗƞŧḗḗř ŞĪīḾ {{n}} ȠƇĶ2","hnckcodeTitle":"Ḗḗƞŧḗḗř ŞĪīḾ {{n}} ĦȠƇĶ","rcckcodeTitle":"Ḗḗƞŧḗḗř ŞĪīḾ {{n}} ŘƇƇĶ","rspckcodeTitle":"Ḗḗƞŧḗḗř ŞĪīḾ {{n}} ŘŞƤƇĶ","nckcodeLabel":"ŞĪīḾ {{n}} ȠƇĶ","cckcodeLabel":"ŞĪīḾ {{n}} ƇƇĶ","spckcodeLabel":"ŞĪīḾ {{n}} ŞƤƇĶ","nck1codeLabel":"ŞĪīḾ {{n}} ȠƇĶ1","nck2codeLabel":"ŞĪīḾ {{n}} ȠƇĶ2","hnckcodeLabel":"ŞĪīḾ {{n}} ĦȠƇĶ","rcckcodeLabel":"ŞĪīḾ {{n}} ŘƇƇĶ","rspckcodeLabel":"ŞĪīḾ {{n}} ŘŞƤƇĶ","type_nck":"Ŧẏƥḗḗ ẏǿǿŭŭř ȠƇĶ ƈǿǿḓḗḗ","type_cck":"Ŧẏƥḗḗ ẏǿǿŭŭř ƇƇĶ ƈǿǿḓḗḗ","type_spck":"Ŧẏƥḗḗ ẏǿǿŭŭř ŞƤƇĶ ƈǿǿḓḗḗ","type_nck1":"Ŧẏƥḗḗ ẏǿǿŭŭř ȠƇĶ1 ƈǿǿḓḗḗ","type_nck2":"Ŧẏƥḗḗ ẏǿǿŭŭř ȠƇĶ2 ƈǿǿḓḗḗ","type_hnck":"Ŧẏƥḗḗ ẏǿǿŭŭř ĦȠƇĶ ƈǿǿḓḗḗ","type_rcck":"Ŧẏƥḗḗ ẏǿǿŭŭř ŘƇƇĶ ƈǿǿḓḗḗ","type_rspck":"Ŧẏƥḗḗ ẏǿǿŭŭř ŘŞƤƇĶ ƈǿǿḓḗḗ","nckValidation":"ȠƇĶ ḿŭŭşŧ ħȧȧṽḗḗ ƀḗḗŧẇḗḗḗḗƞ 8 ȧȧƞḓ 16 ƈħȧȧřȧȧƈŧḗḗřş.","cckValidation":"ƇƇĶ ḿŭŭşŧ ħȧȧṽḗḗ ƀḗḗŧẇḗḗḗḗƞ 8 ȧȧƞḓ 16 ƈħȧȧřȧȧƈŧḗḗřş.","spckValidation":"ŞƤƇĶ ḿŭŭşŧ ħȧȧṽḗḗ ƀḗḗŧẇḗḗḗḗƞ 8 ȧȧƞḓ 16 ƈħȧȧřȧȧƈŧḗḗřş.","nck1Validation":"ȠƇĶ1 ḿŭŭşŧ ħȧȧṽḗḗ ƀḗḗŧẇḗḗḗḗƞ 8 ȧȧƞḓ 16 ƈħȧȧřȧȧƈŧḗḗřş.","nck2Validation":"ȠƇĶ2 ḿŭŭşŧ ħȧȧṽḗḗ ƀḗḗŧẇḗḗḗḗƞ 8 ȧȧƞḓ 16 ƈħȧȧřȧȧƈŧḗḗřş.","hnckValidation":"ĦȠƇĶ ḿŭŭşŧ ħȧȧṽḗḗ ƀḗḗŧẇḗḗḗḗƞ 8 ȧȧƞḓ 16 ƈħȧȧřȧȧƈŧḗḗřş.","rcckValidation":"ŘƇƇĶ ḿŭŭşŧ ħȧȧṽḗḗ ƀḗḗŧẇḗḗḗḗƞ 8 ȧȧƞḓ 16 ƈħȧȧřȧȧƈŧḗḗřş.","rspckValidation":"ŘŞƤƇĶ ḿŭŭşŧ ħȧȧṽḗḗ ƀḗḗŧẇḗḗḗḗƞ 8 ȧȧƞḓ 16 ƈħȧȧřȧȧƈŧḗḗřş.","nckErrorMsg":"Ŧħḗḗ ȠƇĶ ƈǿǿḓḗḗ īīş īīƞƈǿǿřřḗḗƈŧ.","nckAttemptMsg2":{"_":{"one":"Ƞḗḗŧẇǿǿřķ ḓḗḗƥḗḗřşǿǿƞȧȧŀīīẑȧȧŧīīǿǿƞ řḗḗɋŭŭḗḗşŧ ƒȧȧīīŀŭŭřḗḗ. Ẏǿǿŭŭ ħȧȧṽḗḗ ǿǿƞḗḗ ŧřẏ ŀḗḗƒŧ ŧǿǿ ḗḗƞŧḗḗř ŧħḗḗ ƈǿǿřřḗḗƈŧ ƈǿǿḓḗḗ. Řḗḗƒḗḗř ŧǿǿ ẏǿǿŭŭř ḓḗḗṽīīƈḗḗ ḓǿǿƈŭŭḿḗḗƞŧȧȧŧīīǿǿƞ ǿǿř ƈǿǿƞŧȧȧƈŧ ẏǿǿŭŭř ƈȧȧřřīīḗḗř ƒǿǿř ḿǿǿřḗḗ īīƞƒǿǿřḿȧȧŧīīǿǿƞ.","two":"Ƞḗḗŧẇǿǿřķ ḓḗḗƥḗḗřşǿǿƞȧȧŀīīẑȧȧŧīīǿǿƞ řḗḗɋŭŭḗḗşŧ ƒȧȧīīŀŭŭřḗḗ. Ẏǿǿŭŭ ħȧȧṽḗḗ {{n}} ŧřīīḗḗş ŀḗḗƒŧ ŧǿǿ ḗḗƞŧḗḗř ŧħḗḗ ƈǿǿřřḗḗƈŧ ƈǿǿḓḗḗ. Řḗḗƒḗḗř ŧǿǿ ẏǿǿŭŭř ḓḗḗṽīīƈḗḗ ḓǿǿƈŭŭḿḗḗƞŧȧȧŧīīǿǿƞ ǿǿř ƈǿǿƞŧȧȧƈŧ ẏǿǿŭŭř ƈȧȧřřīīḗḗř ƒǿǿř ḿǿǿřḗḗ īīƞƒǿǿřḿȧȧŧīīǿǿƞ.","few":"Ƞḗḗŧẇǿǿřķ ḓḗḗƥḗḗřşǿǿƞȧȧŀīīẑȧȧŧīīǿǿƞ řḗḗɋŭŭḗḗşŧ ƒȧȧīīŀŭŭřḗḗ. Ẏǿǿŭŭ ħȧȧṽḗḗ {{n}} ŧřīīḗḗş ŀḗḗƒŧ ŧǿǿ ḗḗƞŧḗḗř ŧħḗḗ ƈǿǿřřḗḗƈŧ ƈǿǿḓḗḗ. Řḗḗƒḗḗř ŧǿǿ ẏǿǿŭŭř ḓḗḗṽīīƈḗḗ ḓǿǿƈŭŭḿḗḗƞŧȧȧŧīīǿǿƞ ǿǿř ƈǿǿƞŧȧȧƈŧ ẏǿǿŭŭř ƈȧȧřřīīḗḗř ƒǿǿř ḿǿǿřḗḗ īīƞƒǿǿřḿȧȧŧīīǿǿƞ.","many":"Ƞḗḗŧẇǿǿřķ ḓḗḗƥḗḗřşǿǿƞȧȧŀīīẑȧȧŧīīǿǿƞ řḗḗɋŭŭḗḗşŧ ƒȧȧīīŀŭŭřḗḗ. Ẏǿǿŭŭ ħȧȧṽḗḗ {{n}} ŧřīīḗḗş ŀḗḗƒŧ ŧǿǿ ḗḗƞŧḗḗř ŧħḗḗ ƈǿǿřřḗḗƈŧ ƈǿǿḓḗḗ. Řḗḗƒḗḗř ŧǿǿ ẏǿǿŭŭř ḓḗḗṽīīƈḗḗ ḓǿǿƈŭŭḿḗḗƞŧȧȧŧīīǿǿƞ ǿǿř ƈǿǿƞŧȧȧƈŧ ẏǿǿŭŭř ƈȧȧřřīīḗḗř ƒǿǿř ḿǿǿřḗḗ īīƞƒǿǿřḿȧȧŧīīǿǿƞ.","other":"Ƞḗḗŧẇǿǿřķ ḓḗḗƥḗḗřşǿǿƞȧȧŀīīẑȧȧŧīīǿǿƞ řḗḗɋŭŭḗḗşŧ ƒȧȧīīŀŭŭřḗḗ. Ẏǿǿŭŭ ħȧȧṽḗḗ {{n}} ŧřīīḗḗş ŀḗḗƒŧ ŧǿǿ ḗḗƞŧḗḗř ŧħḗḗ ƈǿǿřřḗḗƈŧ ƈǿǿḓḗḗ. Řḗḗƒḗḗř ŧǿǿ ẏǿǿŭŭř ḓḗḗṽīīƈḗḗ ḓǿǿƈŭŭḿḗḗƞŧȧȧŧīīǿǿƞ ǿǿř ƈǿǿƞŧȧȧƈŧ ẏǿǿŭŭř ƈȧȧřřīīḗḗř ƒǿǿř ḿǿǿřḗḗ īīƞƒǿǿřḿȧȧŧīīǿǿƞ."}},"nckLastChanceMsg":"Ƞḗḗŧẇǿǿřķ ḓḗḗƥḗḗřşǿǿƞȧȧŀīīẑȧȧŧīīǿǿƞ řḗḗɋŭŭḗḗşŧ ƒȧȧīīŀŭŭřḗḗ. Ŀȧȧşŧ ƈħȧȧƞƈḗḗ ŧǿǿ ḗḗƞŧḗḗř ŧħḗḗ ƈǿǿřřḗḗƈŧ ȠƇĶ ƈǿǿḓḗḗ. Řḗḗƒḗḗř ŧǿǿ ẏǿǿŭŭř ḓḗḗṽīīƈḗḗ ḓǿǿƈŭŭḿḗḗƞŧȧȧŧīīǿǿƞ ǿǿř ƈǿǿƞŧȧȧƈŧ ẏǿǿŭŭř ƈȧȧřřīīḗḗř ƒǿǿř ḿǿǿřḗḗ īīƞƒǿǿřḿȧȧŧīīǿǿƞ.","skip":"Şķīīƥ","send":"Şḗḗƞḓ","ok":"ǾǿĶ","simLocked":"Ŧħḗḗ ŞĪīḾ ƈȧȧřḓ īīş ŀǿǿƈķḗḗḓ","inputCodeRetriesLeft":{"_":{"one":"Ŀȧȧşŧ ŧřẏ.","two":"{{n}} ŧřīīḗḗş ŀḗḗƒŧ.","few":"{{n}} ŧřīīḗḗş ŀḗḗƒŧ.","many":"{{n}} ŧřīīḗḗş ŀḗḗƒŧ.","other":"{{n}} ŧřīīḗḗş ŀḗḗƒŧ."}},"simManager":"ŞĪīḾ Ḿȧȧƞȧȧɠḗḗř","simDetail":"ŞĪīḾ {{n}}","simDefault":"(ḓḗḗƒȧȧŭŭŀŧ)","simDefaultMessage":"Ǿǿŭŭŧɠǿǿīīƞɠ ƈȧȧŀŀş, ǿǿŭŭŧɠǿǿīīƞɠ ḿḗḗşşȧȧɠḗḗş ȧȧƞḓ ḓȧȧŧȧȧ ƈǿǿƞƞḗḗƈŧīīǿǿƞ ȧȧřḗḗ şḗḗŧ ŧǿǿ ŞĪīḾ 1 ȧȧş ḓḗḗƒȧȧŭŭŀŧ","simSettingsMessage":"Ẏǿǿŭŭ ƈȧȧƞ ƈħȧȧƞɠḗḗ ḓḗḗƒȧȧŭŭŀŧ şḗḗŧŧīīƞɠş ȧȧŧ Şḗḗŧŧīīƞɠş > ŞĪīḾ ḿȧȧƞȧȧɠḗḗř","simPinLocked":"ŞĪīḾ ƤĪīȠ ŀǿǿƈķḗḗḓ","noOperator":"Ƞǿǿ ǿǿƥḗḗřȧȧŧǿǿř","language":"Ŀȧȧƞɠŭŭȧȧɠḗḗ","3g":"Ƈḗḗŀŀŭŭŀȧȧř Ḓȧȧŧȧȧ","dataConnection":"Ḗḗƞȧȧƀŀḗḗ Ḓȧȧŧȧȧ","dataConnectionInfo":"Ḗḗƞȧȧƀŀīīƞɠ ḓȧȧŧȧȧ ƈǿǿƞƞḗḗƈŧīīǿǿƞ ƞǿǿẇ ẇīīŀŀ ȧȧŀŀǿǿẇ ẏǿǿŭŭ ŧǿǿ şḗḗŧ ŭŭƥ ẏǿǿŭŭř ƥħǿǿƞḗḗ ẇīīŧħǿǿŭŭŧ ȧȧ Ẇīī-Ƒīī ƈǿǿƞƞḗḗƈŧīīǿǿƞ. Ẏǿǿŭŭ ḿȧȧẏ ȧȧŀşǿǿ ḗḗƞȧȧƀŀḗḗ īīŧ ŀȧȧŧḗḗř ǿǿƞ īīƞ Şḗḗŧŧīīƞɠş. Ĵŭŭşŧ ḿȧȧķḗḗ şŭŭřḗḗ ẏǿǿŭŭ ħȧȧṽḗḗ ȧȧ ḓȧȧŧȧȧ ƥŀȧȧƞ ẇīīŧħ ẏǿǿŭŭř ƈȧȧřřīīḗḗř ŧǿǿ ȧȧṽǿǿīīḓ ƥǿǿŧḗḗƞŧīīȧȧŀŀẏ ħḗḗƒŧẏ ƈħȧȧřɠḗḗş.","caution":"Ẇȧȧřƞīīƞɠ","geolocation":"Ɠḗḗǿǿŀǿǿƈȧȧŧīīǿǿƞ","geolocationCheckbox":"Ḗḗƞȧȧƀŀḗḗ Ɠḗḗǿǿŀǿǿƈȧȧŧīīǿǿƞ","geolocationInfo2":"{{brandShortName}} ŭŭşḗḗş ḓȧȧŧȧȧ şŭŭƈħ ȧȧş ƓƤŞ, Ẇīī-Ƒīī, ȧȧƞḓ ḿǿǿƀīīŀḗḗ ƞḗḗŧẇǿǿřķş ƞḗḗȧȧř ẏǿǿŭŭ ŧǿǿ ħḗḗŀƥ ḓḗḗŧḗḗřḿīīƞḗḗ ẏǿǿŭŭř ȧȧƥƥřǿǿẋīīḿȧȧŧḗḗ ŀǿǿƈȧȧŧīīǿǿƞ.","geolocationInfoMore":"Ḓȧȧŧȧȧ īīş şḗḗƞŧ ŧǿǿ Ḿǿǿẑīīŀŀȧȧ ȧȧƞḓ ǿǿŧħḗḗř şḗḗřṽīīƈḗḗ ƥřǿǿṽīīḓḗḗřş ȧȧƞḓ ẇīīŀŀ ƀḗḗ ŭŭşḗḗḓ īīƞ ŧħḗḗ ȧȧɠɠřḗḗɠȧȧŧḗḗ ŧǿǿ īīḿƥřǿǿṽḗḗ ŧħǿǿşḗḗ ŀǿǿƈȧȧŧīīǿǿƞ ḓȧȧŧȧȧƀȧȧşḗḗş.  Ḓȧȧŧȧȧ ḿȧȧẏ ƀḗḗ şŧǿǿřḗḗḓ ǿǿƞ ẏǿǿŭŭř ḓḗḗṽīīƈḗḗ ȧȧƞḓ ḓȧȧŧȧȧ ƈǿǿŀŀḗḗƈŧīīǿǿƞ ḿȧȧẏ ǿǿƈƈŭŭř ḗḗṽḗḗƞ ẇħḗḗƞ ƞǿǿ ȧȧƥƥş ȧȧřḗḗ řŭŭƞƞīīƞɠ.","notice":"Ƞǿǿŧīīƈḗḗ","aboutYourPrivacy":"Ḿǿǿřḗḗ ȧȧƀǿǿŭŭŧ ẏǿǿŭŭř ƥřīīṽȧȧƈẏ","scanningNetworks":"Şƈȧȧƞƞīīƞɠ ƒǿǿř ƞḗḗŧẇǿǿřķş","selectNetwork":"Şḗḗŀḗḗƈŧ ȧȧ ƞḗḗŧẇǿǿřķ","shortStatus-connecting":"Ƈǿǿƞƞḗḗƈŧīīƞɠ…","shortStatus-associated":"Ǿǿƀŧȧȧīīƞīīƞɠ ȧȧƞ ĪīƤ ȧȧḓḓřḗḗşş…","shortStatus-connected":"Ƈǿǿƞƞḗḗƈŧḗḗḓ","shortStatus-connectingfailed":"Ƈǿǿƞƞḗḗƈŧīīǿǿƞ ƒȧȧīīŀḗḗḓ","shortStatus-disconnected":"Ǿǿƒƒŀīīƞḗḗ","securedBy":"şḗḗƈŭŭřḗḗḓ ƀẏ {{capabilities}}","security":"Şḗḗƈŭŭřīīŧẏ","securityNone":"Ƞǿǿƞḗḗ","securityWEP":"ẆḖḗƤ","securityWPA-PSK":"ẆƤȦȧ-ƤŞĶ","securityWPA-EAP":"ẆƤȦȧ-ḖḗȦȧƤ","securityOpen":"Ǿǿƥḗḗƞ","identity":"Ŭŭşḗḗř","identityInput":{"placeholder":"Ŭŭşḗḗř"},"password":"Ƥȧȧşşẇǿǿřḓ","passwordInput":{"placeholder":"Ƥȧȧşşẇǿǿřḓ"},"showPassword":"Şħǿǿẇ Ƥȧȧşşẇǿǿřḓ","refresh":"Řḗḗƒřḗḗşħ","noWifiFound3":"Ƞǿǿ ẇīīřḗḗŀḗḗşş ƞḗḗŧẇǿǿřķş ƒǿǿŭŭƞḓ","join-hidden-button":"Ĵǿǿīīƞ ħīīḓḓḗḗƞ ƞḗḗŧẇǿǿřķ","authentication":"Ȧȧŭŭŧħḗḗƞŧīīƈȧȧŧīīǿǿƞ","ssid-name":"ŞŞĪīḒ Ƞḗḗŧẇǿǿřķ Ƞȧȧḿḗḗ","dateAndTime":"Ḓȧȧŧḗḗ & Ŧīīḿḗḗ","timezoneTitle":"ŬŭŦƇ{{utcOffset}} {{region}}/{{city}}","timeZone":"Ŧīīḿḗḗ ẑǿǿƞḗḗ","change":"Ƈħȧȧƞɠḗḗ","importContacts3":"Īīḿƥǿǿřŧ ƈǿǿƞŧȧȧƈŧş","importSim2":"ŞĪīḾ ƈȧȧřḓ","importFb2":"Ƒȧȧƈḗḗƀǿǿǿǿķ","importOutlook":"Ǿǿŭŭŧŀǿǿǿǿķ","importGmail":"Ɠḿȧȧīīŀ","fb-checking":"… ƈħḗḗƈķīīƞɠ","notImportedYet":"Ƞǿǿŧ īīḿƥǿǿřŧḗḗḓ ẏḗḗŧ","otherAccount":"Ǿǿŧħḗḗř ȧȧƈƈǿǿŭŭƞŧş","afterFbImport":"Ẏǿǿŭŭ ƈȧȧƞ īīḿƥǿǿřŧ ȧȧƞḓ ḗḗḓīīŧ Ƒȧȧƈḗḗƀǿǿǿǿķ ƒřīīḗḗƞḓş ȧȧƞẏŧīīḿḗḗ īīƞ Ƈǿǿƞŧȧȧƈŧş şḗḗŧŧīīƞɠş","firefox-accounts":"Ƒīīřḗḗƒǿǿẋ Ȧȧƈƈǿǿŭŭƞŧş","fxa-overview":{"innerHTML":"Ȧȧ Ƒīīřḗḗƒǿǿẋ Ȧȧƈƈǿǿŭŭƞŧ ŀḗḗŧş ẏǿǿŭŭ ŭŭşḗḗ ƒḗḗȧȧŧŭŭřḗḗş ŀīīķḗḗ Ƒīīƞḓ Ḿẏ Ḓḗḗṽīīƈḗḗ ȧȧƞḓ ȧȧƥƥş ŀīīķḗḗ ŧħḗḗ Ƒīīřḗḗƒǿǿẋ Ḿȧȧřķḗḗŧƥŀȧȧƈḗḗ."},"fxa-create-account-or-sign-in":"Ƈřḗḗȧȧŧḗḗ Ȧȧƈƈǿǿŭŭƞŧ ǿǿř Şīīɠƞ Īīƞ","fxa-email-sent":"Ȧȧ ṽḗḗřīīƒīīƈȧȧŧīīǿǿƞ ŀīīƞķ ħȧȧş ƀḗḗḗḗƞ şḗḗƞŧ ŧǿǿ {{email}}","about-your-rights-0":"{{brandShortName}} īīş ƀŭŭīīŀŧ ǿǿƞ ƒřḗḗḗḗ ȧȧƞḓ ǿǿƥḗḗƞ şǿǿŭŭřƈḗḗ şǿǿƒŧẇȧȧřḗḗ ƀẏ ȧȧ ƈǿǿḿḿŭŭƞīīŧẏ ǿǿƒ ŧħǿǿŭŭşȧȧƞḓş ƒřǿǿḿ ȧȧŀŀ ǿǿṽḗḗř ŧħḗḗ ẇǿǿřŀḓ. Ŧħḗḗřḗḗ ȧȧřḗḗ ȧȧ ƒḗḗẇ ŧħīīƞɠş ẏǿǿŭŭ şħǿǿŭŭŀḓ ķƞǿǿẇ:","about-your-rights-1":"{{brandShortName}} īīş ḿȧȧḓḗḗ ȧȧṽȧȧīīŀȧȧƀŀḗḗ ŧǿǿ ẏǿǿŭŭ ŭŭƞḓḗḗř ŧħḗḗ ŧḗḗřḿş ǿǿƒ şḗḗṽḗḗřȧȧŀ ǿǿƥḗḗƞ şǿǿŭŭřƈḗḗ ŀīīƈḗḗƞşḗḗş īīƞƈŀŭŭḓīīƞɠ ŧħḗḗ Ḿǿǿẑīīŀŀȧȧ Ƥŭŭƀŀīīƈ Ŀīīƈḗḗƞşḗḗ. Ȧȧ ḓḗḗṽīīƈḗḗ řŭŭƞƞīīƞɠ {{brandShortName}} ḿȧȧẏ ȧȧŀşǿǿ ƈǿǿƞŧȧȧīīƞ ƥřǿǿƥřīīḗḗŧȧȧřẏ şǿǿƒŧẇȧȧřḗḗ ƒřǿǿḿ ŧħīīřḓ ƥȧȧřŧīīḗḗş. Ȧȧƞẏ ƈǿǿḓḗḗ ƥřǿǿṽīīḓḗḗḓ ŭŭƞḓḗḗř ǿǿƥḗḗƞ ŀīīƈḗḗƞşḗḗş ɠīīṽḗḗ ẏǿǿŭŭ ŧħḗḗ řīīɠħŧ ŧǿǿ ḿǿǿḓīīƒẏ ŧħḗḗ şǿǿŭŭřƈḗḗ ƈǿǿḓḗḗ ȧȧƞḓ ḓīīşŧřīīƀŭŭŧḗḗ ẏǿǿŭŭř ḿǿǿḓīīƒīīḗḗḓ ṽḗḗřşīīǿǿƞş ȧȧş ŀǿǿƞɠ ȧȧş ẏǿǿŭŭ ƈǿǿḿƥŀẏ ẇīīŧħ ŧħḗḗīīř ŧḗḗřḿş.","about-your-rights-2":"Ẏǿǿŭŭ ȧȧřḗḗ ƞǿǿŧ ɠřȧȧƞŧḗḗḓ ȧȧƞẏ ŧřȧȧḓḗḗḿȧȧřķ řīīɠħŧş ǿǿř ŀīīƈḗḗƞşḗḗş ŧǿǿ ŧħḗḗ ŧřȧȧḓḗḗḿȧȧřķş ǿǿƒ ŧħḗḗ Ḿǿǿẑīīŀŀȧȧ Ƒǿǿŭŭƞḓȧȧŧīīǿǿƞ ǿǿř ȧȧƞẏ ƥȧȧřŧẏ, īīƞƈŀŭŭḓīīƞɠ ẇīīŧħǿǿŭŭŧ ŀīīḿīīŧȧȧŧīīǿǿƞ ŧħḗḗ {{brandShortName}} ƞȧȧḿḗḗ ǿǿř ŀǿǿɠǿǿ.","about-your-rights-3":"Şǿǿḿḗḗ ƒḗḗȧȧŧŭŭřḗḗş īīƞ {{brandShortName}}, şŭŭƈħ ȧȧş ŧħḗḗ Ƈřȧȧşħ Řḗḗƥǿǿřŧḗḗř, ɠīīṽḗḗ ẏǿǿŭŭ ŧħḗḗ ǿǿƥŧīīǿǿƞ ŧǿǿ ƥřǿǿṽīīḓḗḗ ƒḗḗḗḗḓƀȧȧƈķ ŧǿǿ Ḿǿǿẑīīŀŀȧȧ. Ɓẏ ƈħǿǿǿǿşīīƞɠ ŧǿǿ şŭŭƀḿīīŧ ƒḗḗḗḗḓƀȧȧƈķ, ẏǿǿŭŭ ɠīīṽḗḗ Ḿǿǿẑīīŀŀȧȧ ƥḗḗřḿīīşşīīǿǿƞ ŧǿǿ ŭŭşḗḗ ŧħḗḗ ƒḗḗḗḗḓƀȧȧƈķ ŧǿǿ īīḿƥřǿǿṽḗḗ īīŧş ƥřǿǿḓŭŭƈŧş, ŧǿǿ ƥŭŭƀŀīīşħ ŧħḗḗ ƒḗḗḗḗḓƀȧȧƈķ ǿǿƞ īīŧş ẇḗḗƀşīīŧḗḗş, ȧȧƞḓ ŧǿǿ ḓīīşŧřīīƀŭŭŧḗḗ ŧħḗḗ ƒḗḗḗḗḓƀȧȧƈķ.","about-other":"Ǿǿŧħḗḗř","SIM_mandatory":"ŞĪīḾ Ƈȧȧřḓ Ẇȧȧřƞīīƞɠ","SIM_mandatory_warm":"Ƥŀḗḗȧȧşḗḗ, īīƞşḗḗřŧ ȧȧ ŞĪīḾ ƈȧȧřḓ ȧȧƞḓ řḗḗƀǿǿǿǿŧ ẏǿǿŭŭř ƥħǿǿƞḗḗ.","telemetry-sends":"Ŧḗḗŀḗḗḿḗḗŧřẏ şḗḗƞḓş Ḿǿǿẑīīŀŀȧȧ ḓȧȧŧȧȧ ȧȧƀǿǿŭŭŧ ƥḗḗřƒǿǿřḿȧȧƞƈḗḗ, ħȧȧřḓẇȧȧřḗḗ, ƈǿǿƞƒīīɠŭŭřȧȧŧīīǿǿƞş ȧȧƞḓ ƈŭŭşŧǿǿḿīīẑȧȧŧīīǿǿƞş īīƞ ẏǿǿŭŭř {{brandShortName}} ḓḗḗṽīīƈḗḗ. Ẇḗḗ ŭŭşḗḗ ŧħīīş ŧǿǿ ḿȧȧķḗḗ ǿǿŭŭř ƥřǿǿḓŭŭƈŧş ƀḗḗŧŧḗḗř, ƒȧȧşŧḗḗř ȧȧƞḓ ḿǿǿřḗḗ řḗḗşƥǿǿƞşīīṽḗḗ.","learn-more-telemetry":{"innerHTML":"Ŀḗḗȧȧřƞ ḿǿǿřḗḗ ȧȧŧ {{link}}"},"learn-more-information":{"innerHTML":"Ŀḗḗȧȧřƞ ħǿǿẇ Ḿǿǿẑīīŀŀȧȧ ħȧȧƞḓŀḗḗş ẏǿǿŭŭř īīƞƒǿǿřḿȧȧŧīīǿǿƞ ȧȧŧ {{link}}"},"welcomeBrowser":"Ẇḗḗŀƈǿǿḿḗḗ ŧǿǿ {{brandShortName}}, ŧħḗḗ ƒřḗḗḗḗ ȧȧƞḓ ǿǿƥḗḗƞ şǿǿŭŭřƈḗḗ ǿǿƥḗḗřȧȧŧīīƞɠ şẏşŧḗḗḿ ƒřǿǿḿ Ḿǿǿẑīīŀŀȧȧ. Ǿǿŭŭř ḿīīşşīīǿǿƞ īīş ŧǿǿ ƥřǿǿḿǿǿŧḗḗ ǿǿƥḗḗƞƞḗḗşş, īīƞƞǿǿṽȧȧŧīīǿǿƞ ȧȧƞḓ ǿǿƥƥǿǿřŧŭŭƞīīŧẏ ƀẏ ķḗḗḗḗƥīīƞɠ ŧħḗḗ ƥǿǿẇḗḗř ǿǿƒ ŧħḗḗ Ẇḗḗƀ īīƞ ẏǿǿŭŭř ħȧȧƞḓş.","learn-more-privacy":{"innerHTML":"Ŀḗḗȧȧřƞ ħǿǿẇ Ḿǿǿẑīīŀŀȧȧ ħȧȧƞḓŀḗḗş ẏǿǿŭŭř īīƞƒǿǿřḿȧȧŧīīǿǿƞ īīƞ ǿǿŭŭř {{link}}."},"learn-more-privacy-link":"ƥřīīṽȧȧƈẏ ƥǿǿŀīīƈẏ","aboutBrowser":"Ȧȧƀǿǿŭŭŧ {{brandShortName}}","aboutYourPrivacy2":"Ẏǿǿŭŭř Ƥřīīṽȧȧƈẏ","mozillaCommunity2":"Ẇħḗḗƞ ẏǿǿŭŭ ŭŭşḗḗ {{brandShortName}}, ẏǿǿŭŭ ƀḗḗƈǿǿḿḗḗ ƥȧȧřŧ ǿǿƒ ȧȧ ɠŀǿǿƀȧȧŀ ƈǿǿḿḿŭŭƞīīŧẏ ħḗḗŀƥīīƞɠ ŧǿǿ ƀŭŭīīŀḓ ȧȧ ƀřīīɠħŧḗḗř ƒŭŭŧŭŭřḗḗ ƒǿǿř ŧħḗḗ Ẇḗḗƀ. Īīƒ ẏǿǿŭŭ’ḓ ŀīīķḗḗ ŧǿǿ ķƞǿǿẇ ḿǿǿřḗḗ ȧȧƀǿǿŭŭŧ ŧħḗḗ Ḿǿǿẑīīŀŀȧȧ ƈǿǿḿḿŭŭƞīīŧẏ, ǿǿŭŭř ǿǿŧħḗḗř ƥřǿǿḓŭŭƈŧş ȧȧƞḓ ḗḗṽḗḗƞŧş ƞḗḗȧȧř ẏǿǿŭŭ, ƥŀḗḗȧȧşḗḗ ḗḗƞŧḗḗř ẏǿǿŭŭř ḗḗḿȧȧīīŀ ȧȧḓḓřḗḗşş ƀḗḗŀǿǿẇ.","collaborate":"Īī ẇȧȧƞŧ ŧǿǿ ħḗḗŀƥ īīḿƥřǿǿṽḗḗ {{brandShortName}} ƀẏ şħȧȧřīīƞɠ ḓȧȧŧȧȧ ȧȧƀǿǿŭŭŧ ḿẏ ƥħǿǿƞḗḗ.","learnMore":"Ŀḗḗȧȧřƞ ḿǿǿřḗḗ.","emailAddress":{"placeholder":"Ḗḗḿȧȧīīŀ ȧȧḓḓřḗḗşş"},"email-successfully-added":"Ḗḗḿȧȧīīŀ şŭŭƈƈḗḗşşƒŭŭŀŀẏ ȧȧḓḓḗḗḓ","email-loading":"Şȧȧṽīīƞɠ ẏǿǿŭŭř ḗḗḿȧȧīīŀ…","privacy-b2g":{"_":"{{brandShortName}}","title":"{{brandShortName}}"},"privacy-marketplace":{"_":"Ḿȧȧřķḗḗŧƥŀȧȧƈḗḗ","title":"{{privacy-marketplace}}"},"privacy-e-me":{"_":"ḗḗṽḗḗřẏŧħīīƞɠ.ḿḗḗ","title":"{{privacy-e-me}}"},"navbar-back":"Ɓȧȧƈķ","navbar-next":"Ƞḗḗẋŧ","navbar-join":"Ĵǿǿīīƞ","done":"Ḓǿǿƞḗḗ","thatsIt":"Ŧħȧȧŧ’ş īīŧ!","startYourPhone":"Şŧȧȧřŧ ẏǿǿŭŭř ƥħǿǿƞḗḗ ŧǿǿŭŭř!","startYourTablet":"Şŧȧȧřŧ ẏǿǿŭŭř ŧȧȧƀŀḗḗŧ ŧǿǿŭŭř!","joinTutorial":"Ĵǿǿīīƞ ŭŭş ƒǿǿř ȧȧ ɋŭŭīīƈķ ŧŭŭŧǿǿřīīȧȧŀ ȧȧƀǿǿŭŭŧ ẏǿǿŭŭř ƞḗḗẇ ƥħǿǿƞḗḗ.","enjoyYourPhone":"Ẏǿǿŭŭ’řḗḗ řḗḗȧȧḓẏ ŧǿǿ ḗḗƞĵǿǿẏ ẏǿǿŭŭř ƞḗḗẇ ƥħǿǿƞḗḗ.","optionsAvailable":"Ẏǿǿŭŭ ƈȧȧƞ ƈħȧȧƞɠḗḗ ŧħḗḗ ŀȧȧƞɠŭŭȧȧɠḗḗ, ḓȧȧŧḗḗ/ŧīīḿḗḗ ȧȧƞḓ Ẇīī-Ƒīī ƈǿǿƞƞḗḗƈŧīīǿǿƞ īīƞ şḗḗŧŧīīƞɠş.","letsGo":"Ŀḗḗŧ’ş ɠǿǿ","startTour":"Şŧȧȧřŧ ŧǿǿŭŭř","thatsIt1Tablet-2":"Ẏǿǿŭŭ ƈȧȧƞ ȧȧŀẇȧȧẏş şẇīīƥḗḗ ƒřǿǿḿ ŧħḗḗ ƀǿǿŧŧǿǿḿ ḗḗḓɠḗḗ ŧǿǿ ḗḗƞŧḗḗř ħǿǿḿḗḗ şƈřḗḗḗḗƞ.","thatsIt2Tablet-2":"Ŀḗḗŧ’ş ḓǿǿ īīŧ!","tutorial-step1-tiny":"Şẇīīƥḗḗ ƒřǿǿḿ řīīɠħŧ ŧǿǿ ŀḗḗƒŧ ŧǿǿ ƀřǿǿẇşḗḗ ẏǿǿŭŭř ȧȧƥƥş.","tutorial-step2-tiny":"Ŧȧȧƥ ȧȧƞḓ ħǿǿŀḓ ǿǿƞ ȧȧƞ īīƈǿǿƞ ŧǿǿ ḓḗḗŀḗḗŧḗḗ ǿǿř ḿǿǿṽḗḗ īīŧ.","tutorial-step3-tiny":"Ḗḗƞŧḗḗř ȧȧƞẏ ķḗḗẏẇǿǿřḓ ǿǿř ŧǿǿƥīīƈ ȧȧƞḓ ẏǿǿŭŭř ƥħǿǿƞḗḗ ẇīīŀŀ īīƞşŧȧȧƞŧŀẏ ȧȧḓȧȧƥŧ.","tutorial-step4-tiny":"Şẇīīƥḗḗ ḓǿǿẇƞ ŧǿǿ ȧȧƈƈḗḗşş řḗḗƈḗḗƞŧ ƞǿǿŧīīƒīīƈȧȧŧīīǿǿƞş, ƈřḗḗḓīīŧ īīƞƒǿǿřḿȧȧŧīīǿǿƞ ȧȧƞḓ şḗḗŧŧīīƞɠş.","tutorial-step5-tiny":"Ŧȧȧƥ ȧȧƞḓ ħǿǿŀḓ ŧħḗḗ ħǿǿḿḗḗ ƀŭŭŧŧǿǿƞ ŧǿǿ ƀřǿǿẇşḗḗ ȧȧƞḓ ƈŀǿǿşḗḗ řḗḗƈḗḗƞŧ ȧȧƥƥş.","tutorial-step6-tiny":"Şẇīīƥḗḗ ƒřǿǿḿ ŧħḗḗ şīīḓḗḗ ǿǿƒ ŧħḗḗ şƈřḗḗḗḗƞ ŧǿǿ ḿǿǿṽḗḗ ƀȧȧƈķ ȧȧƞḓ ƒǿǿřŧħ ƀḗḗŧẇḗḗḗḗƞ řḗḗƈḗḗƞŧ ȧȧƥƥş.","tutorial-step1-large-2":"Şẇīīƥḗḗ ḓǿǿẇƞ ƒřǿǿḿ ŧǿǿƥ ŧǿǿ ȧȧƈƈḗḗşş řḗḗƈḗḗƞŧ ƞǿǿŧīīƒīīƈȧȧŧīīǿǿƞş, ƈřḗḗḓīīŧ īīƞƒǿǿřḿȧȧŧīīǿǿƞ ȧȧƞḓ şḗḗŧŧīīƞɠş.","tutorial-step2-large-2":"Şẇīīƥḗḗ ŀḗḗƒŧ ǿǿř řīīɠħŧ ŧǿǿ ḓīīşƈǿǿṽḗḗř ƞḗḗẇ ȧȧƥƥş ǿǿƞ ħǿǿḿḗḗ şƈřḗḗḗḗƞ.","tutorial-step3-large-2":"Ŧȧȧƥ ȧȧƞḓ ħǿǿŀḓ ǿǿƞ ȧȧƞ īīƈǿǿƞ ŧǿǿ ḓḗḗŀḗḗŧḗḗ ǿǿř ḿǿǿṽḗḗ īīŧ.","tutorial-step4-large-2":"Ŧẇǿǿ ƒīīƞɠḗḗřş şẇīīƥḗḗ ŭŭƥ ƒřǿǿḿ ŧħḗḗ ƀǿǿŧŧǿǿḿ ḗḗḓɠḗḗ ŧǿǿ ŧřīīɠɠḗḗř ƈȧȧřḓ ṽīīḗḗẇ.","offline-dialog-title":"Ẏǿǿŭŭ ḿŭŭşŧ ƀḗḗ ƈǿǿƞƞḗḗƈŧḗḗḓ ŧǿǿ ŧħḗḗ Īīƞŧḗḗřƞḗḗŧ ŧǿǿ ṽīīḗḗẇ ŧħḗḗ ƥȧȧɠḗḗ.","offline-dialog-text":"Ƥŀḗḗȧȧşḗḗ ɠǿǿ ƀȧȧƈķ ȧȧƞḓ ƈǿǿƞƞḗḗƈŧ ŧǿǿ ŧħḗḗ Īīƞŧḗḗřƞḗḗŧ. Ẏǿǿŭŭ ƈȧȧƞ ȧȧŀşǿǿ ṽīīḗḗẇ ŧħḗḗ ƥȧȧɠḗḗ ŀȧȧŧḗḗř ƒřǿǿḿ Şḗḗŧŧīīƞɠş ǿǿř ƀẏ ḗḗƞŧḗḗřīīƞɠ {{url}} īīƞ ȧȧƞẏ ƀřǿǿẇşḗḗř.","OK":"ǾǿĶ","offline-newsletter-dialog-title":"Ẏǿǿŭŭ ḿŭŭşŧ ƀḗḗ ƈǿǿƞƞḗḗƈŧḗḗḓ ŧǿǿ ŧħḗḗ Īīƞŧḗḗřƞḗḗŧ ŧǿǿ şŭŭƀşƈřīīƀḗḗ ŧǿǿ ŧħḗḗ ƞḗḗẇşŀḗḗŧŧḗḗř.","offline-newsletter-dialog-text":"Ƥŀḗḗȧȧşḗḗ ɠǿǿ ƀȧȧƈķ ȧȧƞḓ ƈǿǿƞƞḗḗƈŧ ŧǿǿ ŧħḗḗ Īīƞŧḗḗřƞḗḗŧ.","invalid-email-dialog-title":"Ẏǿǿŭŭř ḗḗḿȧȧīīŀ īīş ƞǿǿŧ ṽȧȧŀīīḓ","invalid-email-dialog-text":"Ƥŀḗḗȧȧşḗḗ ɠǿǿ ƀȧȧƈķ ȧȧƞḓ ƈǿǿřřḗḗƈŧ ẏǿǿŭŭř ḗḗƞŧřẏ.","cancel":"Ƈȧȧƞƈḗḗŀ","weekday-0-long":"Şŭŭƞḓȧȧẏ","weekday-1-long":"Ḿǿǿƞḓȧȧẏ","weekday-2-long":"Ŧŭŭḗḗşḓȧȧẏ","weekday-3-long":"Ẇḗḗḓƞḗḗşḓȧȧẏ","weekday-4-long":"Ŧħŭŭřşḓȧȧẏ","weekday-5-long":"Ƒřīīḓȧȧẏ","weekday-6-long":"Şȧȧŧŭŭřḓȧȧẏ","weekday-0-short":"Şŭŭƞ","weekday-1-short":"Ḿǿǿƞ","weekday-2-short":"Ŧŭŭḗḗ","weekday-3-short":"Ẇḗḗḓ","weekday-4-short":"Ŧħŭŭ","weekday-5-short":"Ƒřīī","weekday-6-short":"Şȧȧŧ","month-0-long":"Ĵȧȧƞŭŭȧȧřẏ","month-1-long":"Ƒḗḗƀřŭŭȧȧřẏ","month-2-long":"Ḿȧȧřƈħ","month-3-long":"Ȧȧƥřīīŀ","month-4-long":"Ḿȧȧẏ","month-5-long":"Ĵŭŭƞḗḗ","month-6-long":"Ĵŭŭŀẏ","month-7-long":"Ȧȧŭŭɠŭŭşŧ","month-8-long":"Şḗḗƥŧḗḗḿƀḗḗř","month-9-long":"Ǿǿƈŧǿǿƀḗḗř","month-10-long":"Ƞǿǿṽḗḗḿƀḗḗř","month-11-long":"Ḓḗḗƈḗḗḿƀḗḗř","month-0-genitive":"Ĵȧȧƞŭŭȧȧřẏ","month-1-genitive":"Ƒḗḗƀřŭŭȧȧřẏ","month-2-genitive":"Ḿȧȧřƈħ","month-3-genitive":"Ȧȧƥřīīŀ","month-4-genitive":"Ḿȧȧẏ","month-5-genitive":"Ĵŭŭƞḗḗ","month-6-genitive":"Ĵŭŭŀẏ","month-7-genitive":"Ȧȧŭŭɠŭŭşŧ","month-8-genitive":"Şḗḗƥŧḗḗḿƀḗḗř","month-9-genitive":"Ǿǿƈŧǿǿƀḗḗř","month-10-genitive":"Ƞǿǿṽḗḗḿƀḗḗř","month-11-genitive":"Ḓḗḗƈḗḗḿƀḗḗř","month-0-short":"Ĵȧȧƞ","month-1-short":"Ƒḗḗƀ","month-2-short":"Ḿȧȧř","month-3-short":"Ȧȧƥř","month-4-short":"Ḿȧȧẏ","month-5-short":"Ĵŭŭƞ","month-6-short":"Ĵŭŭŀ","month-7-short":"Ȧȧŭŭɠ","month-8-short":"Şḗḗƥ","month-9-short":"Ǿǿƈŧ","month-10-short":"Ƞǿǿṽ","month-11-short":"Ḓḗḗƈ","minutes-ago-long":{"_":{"zero":"ĵŭŭşŧ ƞǿǿẇ","one":"ȧȧ ḿīīƞŭŭŧḗḗ ȧȧɠǿǿ","two":"{{value}} ḿīīƞŭŭŧḗḗş ȧȧɠǿǿ","few":"{{value}} ḿīīƞŭŭŧḗḗş ȧȧɠǿǿ","many":"{{value}} ḿīīƞŭŭŧḗḗş ȧȧɠǿǿ","other":"{{value}} ḿīīƞŭŭŧḗḗş ȧȧɠǿǿ"}},"hours-ago-long":{"_":{"zero":"ĵŭŭşŧ ƞǿǿẇ","one":"ȧȧƞ ħǿǿŭŭř ȧȧɠǿǿ","two":"{{value}} ħǿǿŭŭřş ȧȧɠǿǿ","few":"{{value}} ħǿǿŭŭřş ȧȧɠǿǿ","many":"{{value}} ħǿǿŭŭřş ȧȧɠǿǿ","other":"{{value}} ħǿǿŭŭřş ȧȧɠǿǿ"}},"days-ago-long":{"_":{"zero":"ŧǿǿḓȧȧẏ","one":"ẏḗḗşŧḗḗřḓȧȧẏ","two":"{{value}} ḓȧȧẏş ȧȧɠǿǿ","few":"{{value}} ḓȧȧẏş ȧȧɠǿǿ","many":"{{value}} ḓȧȧẏş ȧȧɠǿǿ","other":"{{value}} ḓȧȧẏş ȧȧɠǿǿ"}},"weeks-ago-long":{"_":{"zero":"ŧħīīş ẇḗḗḗḗķ","one":"ŀȧȧşŧ ẇḗḗḗḗķ","two":"{{value}} ẇḗḗḗḗķş ȧȧɠǿǿ","few":"{{value}} ẇḗḗḗḗķş ȧȧɠǿǿ","many":"{{value}} ẇḗḗḗḗķş ȧȧɠǿǿ","other":"{{value}} ẇḗḗḗḗķş ȧȧɠǿǿ"}},"months-ago-long":{"_":{"zero":"ŧħīīş ḿǿǿƞŧħ","one":"ŀȧȧşŧ ḿǿǿƞŧħ","two":"{{value}} ḿǿǿƞŧħş ȧȧɠǿǿ","few":"{{value}} ḿǿǿƞŧħş ȧȧɠǿǿ","many":"{{value}} ḿǿǿƞŧħş ȧȧɠǿǿ","other":"{{value}} ḿǿǿƞŧħş ȧȧɠǿǿ"}},"years-ago-long":{"_":{"zero":"ŧħīīş ẏḗḗȧȧř","one":"ŀȧȧşŧ ẏḗḗȧȧř","two":"{{value}} ẏḗḗȧȧřş ȧȧɠǿǿ","few":"{{value}} ẏḗḗȧȧřş ȧȧɠǿǿ","many":"{{value}} ẏḗḗȧȧřş ȧȧɠǿǿ","other":"{{value}} ẏḗḗȧȧřş ȧȧɠǿǿ"}},"minutes-until-long":{"_":{"zero":"ƞǿǿẇ","one":"īīƞ ȧȧ ḿīīƞŭŭŧḗḗ","two":"īīƞ {{value}} ḿīīƞŭŭŧḗḗş","few":"īīƞ {{value}} ḿīīƞŭŭŧḗḗş","many":"īīƞ {{value}} ḿīīƞŭŭŧḗḗş","other":"īīƞ {{value}} ḿīīƞŭŭŧḗḗş"}},"hours-until-long":{"_":{"zero":"ƞǿǿẇ","one":"īīƞ ȧȧƞ ħǿǿŭŭř","two":"īīƞ {{value}} ħǿǿŭŭřş","few":"īīƞ {{value}} ħǿǿŭŭřş","many":"īīƞ {{value}} ħǿǿŭŭřş","other":"īīƞ {{value}} ħǿǿŭŭřş"}},"days-until-long":{"_":{"zero":"ŧǿǿḓȧȧẏ","one":"ŧǿǿḿǿǿřřǿǿẇ","two":"īīƞ {{value}} ḓȧȧẏş","few":"īīƞ {{value}} ḓȧȧẏş","many":"īīƞ {{value}} ḓȧȧẏş","other":"īīƞ {{value}} ḓȧȧẏş"}},"weeks-until-long":{"_":{"zero":"ŧħīīş ẇḗḗḗḗķ","one":"ƞḗḗẋŧ ẇḗḗḗḗķ","two":"īīƞ {{value}} ẇḗḗḗḗķş","few":"īīƞ {{value}} ẇḗḗḗḗķş","many":"īīƞ {{value}} ẇḗḗḗḗķş","other":"īīƞ {{value}} ẇḗḗḗḗķş"}},"months-until-long":{"_":{"zero":"ŧħīīş ḿǿǿƞŧħ","one":"ƞḗḗẋŧ ḿǿǿƞŧħ","two":"īīƞ {{value}} ḿǿǿƞŧħş","few":"īīƞ {{value}} ḿǿǿƞŧħş","many":"īīƞ {{value}} ḿǿǿƞŧħş","other":"īīƞ {{value}} ḿǿǿƞŧħş"}},"years-until-long":{"_":{"zero":"ŧħīīş ẏḗḗȧȧř","one":"ƞḗḗẋŧ ẏḗḗȧȧř","two":"īīƞ {{value}} ẏḗḗȧȧřş","few":"īīƞ {{value}} ẏḗḗȧȧřş","many":"īīƞ {{value}} ẏḗḗȧȧřş","other":"īīƞ {{value}} ẏḗḗȧȧřş"}},"minutes-ago-short":{"_":{"zero":"ĵŭŭşŧ ƞǿǿẇ","other":"{{value}}ḿ ȧȧɠǿǿ"}},"hours-ago-short":{"_":{"zero":"ĵŭŭşŧ ƞǿǿẇ","other":"{{value}}ħ ȧȧɠǿǿ"}},"days-ago-short":{"_":{"zero":"ŧǿǿḓȧȧẏ","other":"{{value}}ḓ ȧȧɠǿǿ"}},"minutes-until-short":{"_":{"zero":"ƞǿǿẇ","other":"īīƞ {{value}}ḿ"}},"hours-until-short":{"_":{"zero":"ƞǿǿẇ","other":"īīƞ {{value}}ħ"}},"days-until-short":{"_":{"zero":"ŧǿǿḓȧȧẏ","other":"īīƞ {{value}}ḓ"}},"incorrectDate":"(īīƞƈǿǿřřḗḗƈŧ ḓȧȧŧḗḗ)","dateTimeFormat_%c":"%a %b %e %Y %I:%M:%S %p","dateTimeFormat_%x":"%m/%d/%Y","dateTimeFormat_%X":"%I:%M:%S %p","shortTimeFormat":"%I:%M %p","shortDateTimeFormat":"%x %I:%M %p","weekStartsOnMonday":"0","time_am":"ȦȧḾ","time_pm":"ƤḾ","tz-region":"Řḗḗɠīīǿǿƞ","tz-city":"Ƈīīŧẏ","tzRegion-Africa":"Ȧȧƒřīīƈȧȧ","tzRegion-America":"Ȧȧḿḗḗřīīƈȧȧ","tzRegion-Antarctica":"Ȧȧƞŧȧȧřƈŧīīƈȧȧ","tzRegion-Asia":"Ȧȧşīīȧȧ","tzRegion-Atlantic":"Ȧȧŧŀȧȧƞŧīīƈ Ǿǿƈḗḗȧȧƞ","tzRegion-Australia":"Ȧȧŭŭşŧřȧȧŀīīȧȧ","tzRegion-Europe":"Ḗḗŭŭřǿǿƥḗḗ","tzRegion-Indian":"Īīƞḓīīȧȧƞ Ǿǿƈḗḗȧȧƞ","tzRegion-Pacific":"Ƥȧȧƈīīƒīīƈ Ǿǿƈḗḗȧȧƞ"}