{"close":"關閉","import":"匯入","update":"更新","fbFriends":"Facebook 朋友","live-serviceName":"Outlook","gmail-serviceName":"Gmail","facebook-serviceName":"Facebook 朋友","selectAll":"全部選擇","deselectAll":"全部不選","viewAll":"檢視所有的 Facebook 朋友","viewRecommend":"僅檢視推薦項目","linkProposal":{"_index":["plural","numFriends"],"_":{"zero":"沒有符合的朋友。改顯示全部","one":"選擇建議的朋友","two":"選擇建議的朋友","few":"選擇建議的朋友","many":"選擇建議的朋友","other":"選擇建議的朋友"}},"fbFriendsFound":{"_index":["plural","numFriends"],"_":{"zero":"已匯入您所有的朋友","one":"找到一位可匯入的朋友","two":"找到 {{numFriends}} 位可以匯入的朋友","few":"找到 {{numFriends}} 位可以匯入的朋友","many":"找到 {{numFriends}} 位可以匯入的朋友","other":"找到 {{numFriends}} 位可以匯入的朋友"}},"facebook":"Facebook","search-contact":{"placeholder":"搜尋"},"noResults":"找不到聯絡人","done-search":"完成","progressFB3ImportTitle":"正在將朋友匯入至通訊錄","progressFB":"{{current}}/{{total}}","progressFB3UpdateTitle":"正在更新通訊錄中的朋友","message2":"這可能要花一點時間","messageLinking":"請稍候。我們正在連結您的朋友與聯絡人。","messageCanceling":"請稍候，我們正在取消目前的操作。","error1":"錯誤 {{from}}","error2":"再試一次？","errorProposal":"正在計算請求","errorFriends":"正在擷取朋友","errorLinking":"正在連結聯絡人","timeout1":"超過時限 {{from}}","timeout2":"再試一次？","timeoutProposal":"正在計算請求","timeoutFriends":"正在擷取朋友","timeoutLinking":"正在連結聯絡人","wait1":"請稍候","wait2":"這可能要花一點時間","waitProposal":"請稍候。我們正在計算請求。","waitFriends":"請稍候，我們正在連線取得您的朋友清單。","curtainCancel":"取消","curtainRetry":"重試","curtainOK":"確定","connectionLost":"沒有網際網路連線","connectionLostMsg":"朋友的照片將不會加入您的聯絡人清單。確定要繼續嗎？","yesOption":"確定","noOption":"取消","friendsUpdated":{"_index":["plural","numFriends"],"_":{"zero":"未更新朋友","one":"已更新一位朋友","two":"已更新 {{numFriends}} 位朋友","few":"已更新 {{numFriends}} 位朋友","many":"已更新 {{numFriends}} 位朋友","other":"已更新 {{numFriends}} 位朋友"}},"notificationLogin":"您的 Facebook 作業階段無效。請重新登入。","syncError":"同步您朋友的資料時發生錯誤。","brandShortName":"B2G OS","browserBrandShortName":"網頁瀏覽器","browserBrandFullName":"Mozilla 網頁瀏覽器","back":"上一頁","noSimMsg":"請插入或解鎖 SIM 卡以匯入聯絡人","noMemoryCardMsg":"請插入記憶卡以匯入聯絡人","importMemoryCard":"記憶卡","noConnection11":"請先連線到 Wi-Fi 或數據網路以匯入 Facebook 朋友或聯絡人","simContacts-import":"匯入 SIM 卡中的聯絡人","simContacts-importing":"正在匯入 SIM 卡中的聯絡人…","simContacts-reading":"正在讀取 SIM 卡…","simContacts-error":"無法自 SIM 卡中匯入聯絡人","simContacts-imported3":{"_index":["plural","n"],"_":{"zero":"SIM 卡上找不到可匯入的聯絡人","one":"已匯入 1 位聯絡人","two":"已匯入 {{n}} 位聯絡人","few":"已匯入 {{n}} 位聯絡人","many":"已匯入 {{n}} 位聯絡人","other":"已匯入 {{n}} 位聯絡人"}},"memoryCardContacts-import":"自記憶卡中匯入聯絡人","memoryCardContacts-importing":"正在自記憶卡中匯入聯絡人…","memoryCardContacts-reading":"正在讀取記憶卡…","memoryCardContacts-error":"無法自記憶卡中匯入聯絡人","memoryCardContacts-imported3":{"_index":["plural","n"],"_":{"zero":"記憶卡中偵測不到聯絡人","one":"已匯入 1 位聯絡人","two":"已匯入 {{n}} 位聯絡人","few":"已匯入 {{n}} 位聯絡人","many":"已匯入 {{n}} 位聯絡人","other":"已匯入 {{n}} 位聯絡人"}},"genericProgress":"{{current}}/{{total}}","facebook-import-msg":{"_index":["plural","imported"],"_":{"zero":"未匯入朋友（共 {{total}} 位）","one":"已匯入 1 位朋友（共 {{total}} 位）","two":"已匯入 {{imported}}/{{total}} 位朋友","few":"已匯入 {{imported}}/{{total}} 位朋友","many":"已匯入 {{imported}}/{{total}} 位朋友","other":"已匯入 {{imported}}/{{total}} 位朋友"}},"pincode2":"輸入 PIN 碼","type_pin":"輸入您的 PIN 碼","pincodeLabel":"SIM {{n}} PIN","pinValidation":"PIN 必須在 4~8 個字元之間。","pinError":"PIN 不正確。","pinAttemptMsg2":{"_index":["plural","n"],"_":{"one":"這是您最後一次輸入正確 PIN 碼的機會。若您這次輸入的 PIN 碼還是錯誤，您的 SIM 卡將會被鎖定。","two":"您還有 {{n}} 次輸入正確 PIN 碼的機會。若您一直輸入錯誤的 PIN 碼，您的 SIM 卡將會被鎖定。","few":"您還有 {{n}} 次輸入正確 PIN 碼的機會。若您一直輸入錯誤的 PIN 碼，您的 SIM 卡將會被鎖定。","many":"您還有 {{n}} 次輸入正確 PIN 碼的機會。若您一直輸入錯誤的 PIN 碼，您的 SIM 卡將會被鎖定。","other":"您還有 {{n}} 次輸入正確 PIN 碼的機會。若您一直輸入錯誤的 PIN 碼，您的 SIM 卡將會被鎖定。"}},"pinLastChanceMsg":"這是您最後一次能輸入正確 PIN 碼的機會。否則您必須輸入 PUK 碼才能使用此 SIM 卡。","pukcode":"輸入 PUK 碼","pukcodeTitle":"輸入 SIM {{n}} 的 PUK 碼","pukcodeLabel":"SIM {{n}} PUK","type_puk":"PUK 碼","pukValidation":"PUK 碼必須為 8 個字元長","pukInfo":"您必須輸入 SIM 卡的 PUK 碼。若需更多資訊，請參考您的 SIM 卡文件或洽詢您的電信業者。","pukError":"PUK 碼不正確。","pukAttemptMsg2":{"_index":["plural","n"],"_":{"one":"您只剩下最後一次輸入正確 PUK 碼的機會，若您這次輸入的 PUK 碼還是錯誤，您的 SIM 卡將會永久無法使用。請參考您的 SIM 卡文件或聯絡您的電信業者以取得更多資訊。","two":"您還有 {{n}} 次機會可以輸入正確的 PUK 解鎖碼，否則此 SIM 卡將永久失效。若需更多資訊，請參考您的 SIM 卡文件或洽詢您的電信業者。","few":"您還有 {{n}} 次機會可以輸入正確的 PUK 解鎖碼，否則此 SIM 卡將永久失效。若需更多資訊，請參考您的 SIM 卡文件或洽詢您的電信業者。","many":"您還有 {{n}} 次機會可以輸入正確的 PUK 解鎖碼，否則此 SIM 卡將永久失效。若需更多資訊，請參考您的 SIM 卡文件或洽詢您的電信業者。","other":"您還有 {{n}} 次機會可以輸入正確的 PUK 解鎖碼，否則此 SIM 卡將永久失效。若需更多資訊，請參考您的 SIM 卡文件或洽詢您的電信業者。"}},"pukLastChanceMsg":"這是您最後一次輸入正確 PUK 碼的機會，若您這次輸入的 PUK 碼還是錯誤，您的 SIM 卡將會永久無法使用。","create_newpin":"建立新的 PIN (4 到 8 位數)","confirm_newpin":"確認新 PIN 碼","newpinConfirmation":"輸入的 PIN 不相同。","nckcode":"輸入 NCK 碼","cckcode":"輸入 CCK 碼","spckcode":"輸入 SPCK 碼","nck1code":"Enter NCK1 code","nck2code":"Enter NCK2 code","hnckcode":"Enter HNCK code","rcckcode":"Enter RCCK code","rspckcode":"Enter RSPCK code","nckcodeTitle":"輸入 SIM {{n}} 的 NCK 碼","cckcodeTitle":"輸入 SIM {{n}} 的 CCK 碼","spckcodeTitle":"輸入 SIM {{n}} 的 SPCK 碼","nck1codeTitle":"Enter SIM {{n}} NCK1","nck2codeTitle":"Enter SIM {{n}} NCK2","hnckcodeTitle":"Enter SIM {{n}} HNCK","rcckcodeTitle":"Enter SIM {{n}} RCCK","rspckcodeTitle":"Enter SIM {{n}} RSPCK","nckcodeLabel":"SIM {{n}} NCK","cckcodeLabel":"SIM {{n}} CCK","spckcodeLabel":"SIM {{n}} SPCK","nck1codeLabel":"SIM {{n}} NCK1","nck2codeLabel":"SIM {{n}} NCK2","hnckcodeLabel":"SIM {{n}} HNCK","rcckcodeLabel":"SIM {{n}} RCCK","rspckcodeLabel":"SIM {{n}} RSPCK","type_nck":"輸入您的 NCK 碼","type_cck":"輸入您的 CCK 碼","type_spck":"輸入您的 SPCK 碼","type_nck1":"Type your NCK1 code","type_nck2":"Type your NCK2 code","type_hnck":"Type your HNCK code","type_rcck":"Type your RCCK code","type_rspck":"Type your RSPCK code","nckValidation":"NCK 必須為 8~16 字元長。","cckValidation":"CCK 必須為 8~16 字元長。","spckValidation":"SPCK 必須為 8~16 字元長。","nck1Validation":"NCK1 must have between 8 and 16 characters.","nck2Validation":"NCK2 must have between 8 and 16 characters.","hnckValidation":"HNCK must have between 8 and 16 characters.","rcckValidation":"RCCK must have between 8 and 16 characters.","rspckValidation":"RSPCK must have between 8 and 16 characters.","nckErrorMsg":"NCK 碼不正確。","nckAttemptMsg2":{"_index":["plural","n"],"_":{"one":"請求網路解鎖失敗。您只剩下最後一次機會可以輸入正確的 NCK 碼。請參考您的裝置說明書或聯絡電信商以取得更多資訊。","two":"請求網路解鎖失敗。您還剩下 {{n}} 次機會可以輸入正確的 NCK 碼。請參考您的裝置說明書或聯絡電信商以取得更多資訊。","few":"請求網路解鎖失敗。您還剩下 {{n}} 次機會可以輸入正確的 NCK 碼。請參考您的裝置說明書或聯絡電信商以取得更多資訊。","many":"請求網路解鎖失敗。您還剩下 {{n}} 次機會可以輸入正確的 NCK 碼。請參考您的裝置說明書或聯絡電信商以取得更多資訊。","other":"請求網路解鎖失敗。您還剩下 {{n}} 次機會可以輸入正確的 NCK 碼。請參考您的裝置說明書或聯絡電信商以取得更多資訊。"}},"nckLastChanceMsg":"請求網路解鎖失敗。您還剩下最後一次機會可以輸入正確的 NCK 碼。請參考您的裝置說明書或聯絡電信商以取得更多資訊。","skip":"略過","send":"傳送","ok":"確定","simLocked":"SIM 卡已鎖定","inputCodeRetriesLeft":{"_index":["plural","n"],"_":{"one":"最後一次機會。","two":"還有 {{n}} 次機會。","few":"還有 {{n}} 次機會。","many":"還有 {{n}} 次機會。","other":"還有 {{n}} 次機會。"}},"simManager":"SIM 卡管理員","simDetail":"SIM {{n}}","simDefault":"(預設)","simDefaultMessage":"已將 SIM 1 設定為預設撥打通話、傳送簡訊與數據傳輸時使用的 SIM 卡","simSettingsMessage":"您可以在設定 > SIM 卡管理員修改預設設定","simPinLocked":"SIM PIN 已鎖定","noOperator":"無電信業者","language":"語言","3g":"行動數據","dataConnection":"啟用數據連線","dataConnectionInfo":"現在啟用數據連線將讓您可以在沒有 Wi-Fi 連線的情況下設定手機。您也可以稍後再到設定畫面中啟用。請記得向您的電信商確認您已申辦數據資費方案以避免收到高額帳單。","caution":"警告","geolocation":"地理資訊","geolocationCheckbox":"啟用地理位置","geolocationInfo2":"{{brandShortName}} 將會使用您附近 GPS、Wi-Fi 與行動網路資料以幫助判斷您的大略位置。","geolocationInfoMore":"資料將會傳送至 Mozilla 與其他服務提供者，用來幫助改善位置資訊資料庫。這些資料可能會儲存在您的裝置上，就算是沒有執行應用程式時也可能會收集這些資料。","notice":"注意","aboutYourPrivacy":"關於您的隱私權的更多資訊","scanningNetworks":"正在掃描網路","selectNetwork":"選擇網路","shortStatus-connecting":"連線中…","shortStatus-associated":"正在取得 IP 地址…","shortStatus-connected":"已連線","shortStatus-connectingfailed":"連線失敗","shortStatus-disconnected":"離線","securedBy":"使用 {{capabilities}} 加密","security":"安全性","securityNone":"無","securityWEP":"WEP","securityWPA-PSK":"WPA-PSK","securityWPA-EAP":"WPA-EAP","securityOpen":"開放","identity":"使用者","identityInput":{"placeholder":"使用者"},"password":"密碼","passwordInput":{"placeholder":"密碼"},"showPassword":"顯示密碼","refresh":"更新","noWifiFound3":"找不到無線網路","join-hidden-button":"加入隱藏網路","authentication":"認證","ssid-name":"SSID 網路名稱","dateAndTime":"日期與時間","timezoneTitle":"UTC{{utcOffset}} {{region}}/{{city}}","timeZone":"時區","change":"變更","importContacts3":"匯入聯絡人","importSim2":"SIM 卡","importFb2":"Facebook","importOutlook":"Outlook","importGmail":"Gmail","fb-checking":"… 檢查中","notImportedYet":"尚未匯入","otherAccount":"其他帳號","afterFbImport":"您可以在聯絡人設定中隨時匯入或編輯 Facebook 朋友","firefox-accounts":"Firefox Accounts","fxa-overview":{"innerHTML":"A Firefox Account lets you use features like Find My Device and apps like the Firefox Marketplace."},"fxa-create-account-or-sign-in":"Create Account or Sign In","fxa-email-sent":"A verification link has been sent to {{email}}","about-your-rights-0":"{{brandShortName}} 是一套自由且開放原始碼的軟體，由來自世界各地數千位成員組成的社群所打造。有一些您應該知道的事：","about-your-rights-1":"{{brandShortName}} 是依照幾套不同開放原始碼授權條款的條件所提供給您的，當中也包含了 Mozilla 公眾授權條款。執行 {{brandShortName}} 的裝置可能也包含一些來自第三方的專有授權軟體。只要您遵守條款內容，您就可以修改這些使用開放授權條款的原始碼，並散佈您所修改過的版本。","about-your-rights-2":"您並未被授權使用 Mozilla 基金會或任何相關部門的商標，包含且不限於 {{brandShortName}} 的名稱或圖示。","about-your-rights-3":"{{brandShortName}} 當中的一些功能，像是程式錯誤回報員，將會讓您可以選擇是否要送出回饋給 Mozilla。在送出回饋時，您必須授權 Mozilla 使用您所送出的回饋內容以改善其產品、發佈回饋內容於其網站，並散佈這些使用者回饋。","about-other":"其他","SIM_mandatory":"SIM 卡警告","SIM_mandatory_warm":"請插入 SIM 卡並重新啟動手機。","telemetry-sends":"Telemetry 將會傳送您的 {{brandShortName}} 裝置中關於效能、硬體配備、使用與自訂方式等相關資料給 Mozilla。我們將會使用此資訊來幫助改善產品，讓產品變得更好、效能更棒。","learn-more-telemetry":{"innerHTML":"Learn more at {{link}}"},"learn-more-information":{"innerHTML":"Learn how Mozilla handles your information at {{link}}"},"welcomeBrowser":"歡迎使用 {{brandShortName}}，一套來自 Mozilla，自由且開放原始碼的作業系統。我們的使命是透過將網路的威力保存於您的雙手之間，來推廣開放、創新、與機會。","learn-more-privacy":{"innerHTML":"Learn how Mozilla handles your information in our {{link}}."},"learn-more-privacy-link":"privacy policy","aboutBrowser":"關於 {{brandShortName}}","aboutYourPrivacy2":"您的隱私權","mozillaCommunity2":"當您使用 {{brandShortName}} 時，您就已經成為全球社群的一員，幫助我們打造網路更光明的未來。若您想要了解更多關於 Mozilla 社群的資訊、Mozilla 其他的產品、或是在您附近所舉辦的活動，請在下面輸入您的電子郵件地址。","collaborate":"我想要分享手機的資料來幫助改善 {{brandShortName}}。","learnMore":"了解更多資訊。","emailAddress":{"placeholder":"電子郵件地址"},"email-successfully-added":"成功新增電子郵件","email-loading":"正在儲存您的郵件…","privacy-b2g":{"_":"{{brandShortName}}","title":"{{brandShortName}}"},"privacy-marketplace":{"_":"Marketplace","title":"{{privacy-marketplace}}"},"privacy-e-me":{"_":"everything.me","title":"{{privacy-e-me}}"},"navbar-back":"上一步","navbar-next":"下一步","navbar-join":"加入","done":"完成","thatsIt":"就這麼簡單！","startYourPhone":"使用您的新手機！","startYourTablet":"使用您的新平板！","joinTutorial":"和我們一起參加您新手機的快速教學。","enjoyYourPhone":"一切就緒，盡情享受您的新手機吧！","optionsAvailable":"您可以在「設定」中更改語言，日期/時間，以及 Wi-Fi 連線。","letsGo":"出發","startTour":"開始導覽","thatsIt1Tablet-2":"您可以從畫面底部向上滑動，回到主畫面。","thatsIt2Tablet-2":"現在就這麼作！","tutorial-step1-tiny":"由右向左滑動主畫面來瀏覽您的應用程式。","tutorial-step2-tiny":"按住某個圖示可讓您刪除或移動應用程式。","tutorial-step3-tiny":"輸入任何關鍵字或主題，您的手機將會即時顯示最適合的內容。","tutorial-step4-tiny":"向下滑動通知列可顯示最近的通知、通話餘額或快速切換設定。","tutorial-step5-tiny":"按住主畫面按鈕可檢視或關閉最近開啟的應用程式。","tutorial-step6-tiny":"從螢幕邊緣滑動以在最近使用的應用程式中切換。","tutorial-step1-large-2":"從頂端向下滑動可顯示最近的通知、餘額資訊或快速切換設定。","tutorial-step2-large-2":"在主畫面向左或向右滑動以探索新的應用程式。","tutorial-step3-large-2":"按住某個圖示可讓您刪除或移動應用程式。","tutorial-step4-large-2":"從畫面底部用兩隻手指向上滑動以觸發卡片檢視畫面。","offline-dialog-title":"您必須連線到網際網路才能檢視此頁面。","offline-dialog-text":"請回到上一頁並連線到網際網路。您也可以稍後再到手機選項，或是在瀏覽器中輸入 {{url}} 來檢視此頁面。","OK":"確定","offline-newsletter-dialog-title":"您必須連線到網際網路才能訂閱電子報。","offline-newsletter-dialog-text":"請回到上一步並連線到網路。","invalid-email-dialog-title":"您的電子郵件地址無效","invalid-email-dialog-text":"請回到上一步檢查您所輸入的地址。","cancel":"取消","weekday-0-long":"星期日","weekday-1-long":"星期一","weekday-2-long":"星期二","weekday-3-long":"星期三","weekday-4-long":"星期四","weekday-5-long":"星期五","weekday-6-long":"星期六","weekday-0-short":"週日","weekday-1-short":"週一","weekday-2-short":"週二","weekday-3-short":"週三","weekday-4-short":"週四","weekday-5-short":"週五","weekday-6-short":"週六","month-0-long":"一月","month-1-long":"二月","month-2-long":"三月","month-3-long":"四月","month-4-long":"五月","month-5-long":"六月","month-6-long":"七月","month-7-long":"八月","month-8-long":"九月","month-9-long":"十月","month-10-long":"十一月","month-11-long":"十二月","month-0-genitive":"1 月","month-1-genitive":"2 月","month-2-genitive":"3 月","month-3-genitive":"4 月","month-4-genitive":"5 月","month-5-genitive":"6 月","month-6-genitive":"7 月","month-7-genitive":"8 月","month-8-genitive":"9 月","month-9-genitive":"10 月","month-10-genitive":"11 月","month-11-genitive":"12 月","month-0-short":"1 月","month-1-short":"2 月","month-2-short":"3 月","month-3-short":"4 月","month-4-short":"5 月","month-5-short":"6 月","month-6-short":"7 月","month-7-short":"8 月","month-8-short":"9 月","month-9-short":"10 月","month-10-short":"11 月","month-11-short":"12 月","minutes-ago-long":{"_index":["plural","value"],"_":{"zero":"剛剛","one":"1 分鐘前","two":"{{value}} 分鐘前","few":"{{value}} 分鐘前","many":"{{value}} 分鐘前","other":"{{value}} 分鐘前"}},"hours-ago-long":{"_index":["plural","value"],"_":{"zero":"剛剛","one":"1 小時前","two":"{{value}} 小時前","few":"{{value}} 小時前","many":"{{value}} 小時前","other":"{{value}} 小時前"}},"days-ago-long":{"_index":["plural","value"],"_":{"zero":"今天","one":"昨天","two":"{{value}} 天前","few":"{{value}} 天前","many":"{{value}} 天前","other":"{{value}} 天前"}},"weeks-ago-long":{"_index":["plural","value"],"_":{"zero":"本週","one":"上週","two":"{{value}} 週前","few":"{{value}} 週前","many":"{{value}} 週前","other":"{{value}} 週前"}},"months-ago-long":{"_index":["plural","value"],"_":{"zero":"本月","one":"上月","two":"{{value}} 月前","few":"{{value}} 月前","many":"{{value}} 月前","other":"{{value}} 月前"}},"years-ago-long":{"_index":["plural","value"],"_":{"zero":"今年","one":"去年","two":"{{value}} 年前","few":"{{value}} 年前","many":"{{value}} 年前","other":"{{value}} 年前"}},"minutes-until-long":{"_index":["plural","value"],"_":{"zero":"現在","one":"1 分鐘內","two":"{{value}} 分鐘內","few":"{{value}} 分鐘內","many":"{{value}} 分鐘內","other":"{{value}} 分鐘內"}},"hours-until-long":{"_index":["plural","value"],"_":{"zero":"現在","one":"1 小時內","two":"{{value}} 小時前","few":"{{value}} 小時前","many":"{{value}} 小時前","other":"{{value}} 小時前"}},"days-until-long":{"_index":["plural","value"],"_":{"zero":"今天","one":"明天","two":"{{value}} 天內","few":"{{value}} 天內","many":"{{value}} 天內","other":"{{value}} 天內"}},"weeks-until-long":{"_index":["plural","value"],"_":{"zero":"本週","one":"下週","two":"{{value}} 週內","few":"{{value}} 週內","many":"{{value}} 週內","other":"{{value}} 週內"}},"months-until-long":{"_index":["plural","value"],"_":{"zero":"本月","one":"下月","two":"{{value}} 月內","few":"{{value}} 月內","many":"{{value}} 月內","other":"{{value}} 月內"}},"years-until-long":{"_index":["plural","value"],"_":{"zero":"今年","one":"明年","two":"{{value}} 年內","few":"{{value}} 年內","many":"{{value}} 年內","other":"{{value}} 年內"}},"minutes-ago-short":{"_index":["plural","value"],"_":{"zero":"剛剛","other":"{{value}} 分前"}},"hours-ago-short":{"_index":["plural","value"],"_":{"zero":"剛剛","other":"{{value}} 時前"}},"days-ago-short":{"_index":["plural","value"],"_":{"zero":"今天","other":"{{value}} 天前"}},"minutes-until-short":{"_index":["plural","value"],"_":{"zero":"現在","other":"{{value}} 分內"}},"hours-until-short":{"_index":["plural","value"],"_":{"zero":"現在","other":"{{value}} 時內"}},"days-until-short":{"_index":["plural","value"],"_":{"zero":"今天","other":"{{value}} 天內"}},"incorrectDate":"（日期不正確）","dateTimeFormat_%c":"%Y年%b%d日 %a %p %I:%M:%S","dateTimeFormat_%x":"%Y/%m/%d","dateTimeFormat_%X":"%p %I:%M:%S","shortTimeFormat":"%p %I:%M","shortDateTimeFormat":"%x %p %I:%M","weekStartsOnMonday":"1","time_am":"上午","time_pm":"下午","tz-region":"區域","tz-city":"城市","tzRegion-Africa":"非洲","tzRegion-America":"美洲","tzRegion-Antarctica":"南極洲","tzRegion-Asia":"亞洲","tzRegion-Atlantic":"大西洋","tzRegion-Australia":"澳洲","tzRegion-Europe":"歐洲","tzRegion-Indian":"印度洋","tzRegion-Pacific":"太平洋"}