{"geolocation-tracker":"Geolocation tracker","geoloc-start":"Start","geoloc-stop":"Stop","geoloc-clear":"Clear","geoloc-debug":"Show debug traces","geoloc-keep":"Keep locations","geoloc-save":"Save as a file","geoloc-parameters":"Parameters","geoloc-status":"Status","geoloc-debug-log":"Debug log","geoloc-timeout":"Timeout","geoloc-maxage":"Max. age","geoloc-highaccuracy":"High accuracy","geoloc-msecs":"Timeout and max. age are specified in milliseconds.","gps-fixes":"Fixes","last-fix":"Last","date-last-fix":{"placeholder":"None"},"weekday-0-long":"Sunday","weekday-1-long":"Monday","weekday-2-long":"Tuesday","weekday-3-long":"Wednesday","weekday-4-long":"Thursday","weekday-5-long":"Friday","weekday-6-long":"Saturday","weekday-0-short":"Sun","weekday-1-short":"Mon","weekday-2-short":"Tue","weekday-3-short":"Wed","weekday-4-short":"Thu","weekday-5-short":"Fri","weekday-6-short":"Sat","month-0-long":"January","month-1-long":"February","month-2-long":"March","month-3-long":"April","month-4-long":"May","month-5-long":"June","month-6-long":"July","month-7-long":"August","month-8-long":"September","month-9-long":"October","month-10-long":"November","month-11-long":"December","month-0-genitive":"January","month-1-genitive":"February","month-2-genitive":"March","month-3-genitive":"April","month-4-genitive":"May","month-5-genitive":"June","month-6-genitive":"July","month-7-genitive":"August","month-8-genitive":"September","month-9-genitive":"October","month-10-genitive":"November","month-11-genitive":"December","month-0-short":"Jan","month-1-short":"Feb","month-2-short":"Mar","month-3-short":"Apr","month-4-short":"May","month-5-short":"Jun","month-6-short":"Jul","month-7-short":"Aug","month-8-short":"Sep","month-9-short":"Oct","month-10-short":"Nov","month-11-short":"Dec","minutes-ago-long":{"_index":["plural","value"],"_":{"zero":"just now","one":"a minute ago","two":"{{value}} minutes ago","few":"{{value}} minutes ago","many":"{{value}} minutes ago","other":"{{value}} minutes ago"}},"hours-ago-long":{"_index":["plural","value"],"_":{"zero":"just now","one":"an hour ago","two":"{{value}} hours ago","few":"{{value}} hours ago","many":"{{value}} hours ago","other":"{{value}} hours ago"}},"days-ago-long":{"_index":["plural","value"],"_":{"zero":"today","one":"yesterday","two":"{{value}} days ago","few":"{{value}} days ago","many":"{{value}} days ago","other":"{{value}} days ago"}},"weeks-ago-long":{"_index":["plural","value"],"_":{"zero":"this week","one":"last week","two":"{{value}} weeks ago","few":"{{value}} weeks ago","many":"{{value}} weeks ago","other":"{{value}} weeks ago"}},"months-ago-long":{"_index":["plural","value"],"_":{"zero":"this month","one":"last month","two":"{{value}} months ago","few":"{{value}} months ago","many":"{{value}} months ago","other":"{{value}} months ago"}},"years-ago-long":{"_index":["plural","value"],"_":{"zero":"this year","one":"last year","two":"{{value}} years ago","few":"{{value}} years ago","many":"{{value}} years ago","other":"{{value}} years ago"}},"minutes-until-long":{"_index":["plural","value"],"_":{"zero":"now","one":"in a minute","two":"in {{value}} minutes","few":"in {{value}} minutes","many":"in {{value}} minutes","other":"in {{value}} minutes"}},"hours-until-long":{"_index":["plural","value"],"_":{"zero":"now","one":"in an hour","two":"in {{value}} hours","few":"in {{value}} hours","many":"in {{value}} hours","other":"in {{value}} hours"}},"days-until-long":{"_index":["plural","value"],"_":{"zero":"today","one":"tomorrow","two":"in {{value}} days","few":"in {{value}} days","many":"in {{value}} days","other":"in {{value}} days"}},"weeks-until-long":{"_index":["plural","value"],"_":{"zero":"this week","one":"next week","two":"in {{value}} weeks","few":"in {{value}} weeks","many":"in {{value}} weeks","other":"in {{value}} weeks"}},"months-until-long":{"_index":["plural","value"],"_":{"zero":"this month","one":"next month","two":"in {{value}} months","few":"in {{value}} months","many":"in {{value}} months","other":"in {{value}} months"}},"years-until-long":{"_index":["plural","value"],"_":{"zero":"this year","one":"next year","two":"in {{value}} years","few":"in {{value}} years","many":"in {{value}} years","other":"in {{value}} years"}},"minutes-ago-short":{"_index":["plural","value"],"_":{"zero":"just now","other":"{{value}}m ago"}},"hours-ago-short":{"_index":["plural","value"],"_":{"zero":"just now","other":"{{value}}h ago"}},"days-ago-short":{"_index":["plural","value"],"_":{"zero":"today","other":"{{value}}d ago"}},"minutes-until-short":{"_index":["plural","value"],"_":{"zero":"now","other":"in {{value}}m"}},"hours-until-short":{"_index":["plural","value"],"_":{"zero":"now","other":"in {{value}}h"}},"days-until-short":{"_index":["plural","value"],"_":{"zero":"today","other":"in {{value}}d"}},"incorrectDate":"(incorrect date)","dateTimeFormat_%c":"%a %b %e %Y %I:%M:%S %p","dateTimeFormat_%x":"%m/%d/%Y","dateTimeFormat_%X":"%I:%M:%S %p","shortTimeFormat":"%I:%M %p","shortDateTimeFormat":"%x %I:%M %p","weekStartsOnMonday":"0","time_am":"AM","time_pm":"PM"}