{"music":"Ḿŭŭşīīƈ","mix":"Ḿīīẋ","playlists":"Ƥŀȧȧẏŀīīşŧ","artists":"Ȧȧřŧīīşŧş","albums":"Ȧȧŀƀŭŭḿş","songs":"Şǿǿƞɠş","more":"Ḿǿǿřḗḗ","songArtist":"Şǿǿƞɠ ȧȧřŧīīşŧ","songAlbum":"Şǿǿƞɠ ȧȧŀƀŭŭḿ","unknownArtist":"Ŭŭƞķƞǿǿẇƞ ȧȧřŧīīşŧ","unknownAlbum":"Ŭŭƞķƞǿǿẇƞ ȧȧŀƀŭŭḿ","unknownTitle":"Ŭŭƞķƞǿǿẇƞ ŧīīŧŀḗḗ","empty-title":"Ȧȧḓḓ şǿǿƞɠş ŧǿǿ ɠḗḗŧ şŧȧȧřŧḗḗḓ","empty-text":"Ŀǿǿȧȧḓ şǿǿƞɠş ǿǿƞ ŧǿǿ ŧħḗḗ ḿḗḗḿǿǿřẏ ƈȧȧřḓ.","nocard2-title":"Ƞǿǿ ḿḗḗḿǿǿřẏ ƈȧȧřḓ ƒǿǿŭŭƞḓ","nocard3-text":"Īīƞşḗḗřŧ ȧȧ ḿḗḗḿǿǿřẏ ƈȧȧřḓ ŧǿǿ ŀīīşŧḗḗƞ ŧǿǿ şǿǿƞɠş.","pluggedin-title":"Ḿŭŭşīīƈ ƈȧȧƞ ƞǿǿŧ ƀḗḗ ŭŭşḗḗḓ ẇħīīŀḗḗ ƥħǿǿƞḗḗ īīş ƥŀŭŭɠɠḗḗḓ īīƞ","pluggedin-text":"Ŭŭƞƥŀŭŭɠ ŧħḗḗ ƥħǿǿƞḗḗ ŧǿǿ ƥŀȧȧẏ ḿŭŭşīīƈ.","upgrade-title":"Ḓȧȧŧȧȧƀȧȧşḗḗ Ŭŭƥɠřȧȧḓḗḗ","upgrade-text":"Ƥŀḗḗȧȧşḗḗ ẇȧȧīīŧ ẇħīīŀḗḗ Ḿŭŭşīīƈ ŭŭƥḓȧȧŧḗḗş īīŧş ḓȧȧŧȧȧƀȧȧşḗḗ.","search-music":{"placeholder":"Şḗḗȧȧřƈħ Ḿŭŭşīīƈ"},"search-cancel":"Ƈȧȧƞƈḗḗŀ","search-artists":"Ȧȧřŧīīşŧş","search-albums":"Ȧȧŀƀŭŭḿş","search-titles":"Ŧřȧȧƈķş","search-close":"ƈŀǿǿşḗḗ","playlists-shuffle-all":"Şħŭŭƒƒŀḗḗ ȧȧŀŀ","playlists-highest-rated":"Ħīīɠħḗḗşŧ řȧȧŧḗḗḓ","playlists-recently-added":"Řḗḗƈḗḗƞŧŀẏ ȧȧḓḓḗḗḓ","playlists-most-played":"Ḿǿǿşŧ ƥŀȧȧẏḗḗḓ","playlists-least-played":"Ŀḗḗȧȧşŧ ƥŀȧȧẏḗḗḓ","picker-title":"Şḗḗŀḗḗƈŧ ȧȧ ŧřȧȧƈķ","save":"Şȧȧṽḗḗ","saved":"Şȧȧṽḗḗḓ {{title}} ŧǿǿ Ḿŭŭşīīƈ","audioinvalid":"Ȧȧŭŭḓīīǿǿ ƈȧȧƞƞǿǿŧ ƀḗḗ ƥŀȧȧẏḗḗḓ: ƒǿǿřḿȧȧŧ īīş ŭŭƞşŭŭƥƥǿǿřŧḗḗḓ ǿǿř ƒīīŀḗḗ īīş īīƞṽȧȧŀīīḓ.","overlay-cancel-button":"Ƈȧȧƞƈḗḗŀ","music-paused-notification":"Ḿŭŭşīīƈ ƥȧȧŭŭşḗḗḓ ḓŭŭřīīƞɠ ŧħḗḗ ƈȧȧŀŀ"}