{
  "name": "Bulgarian (New)",
  "label": "Български (БАН)",
  "imEngine": "latin",
  "types": [
    "text",
    "url",
    "email"
  ],
  "autoCorrectLanguage": "bg",
  "pages": {
    "main": {
      "layout": [
        "ч ш е р т ъ у и о п я",
        "а с д ф г х й к л щ ь",
        "SHIFT з ж ц в б н м ю BACKSPACE",
        "?123 SWITCH SPACE . RETURN"
      ]
    },
    "NUMBERS": "inherit",
    "SYMBOLS": "inherit"
  },
  "keys": {
    "и": {
      "alternatives": "ѝ"
    }
  }
}