{
  "name": "Czech",
  "label": "Česká",
  "imEngine": "latin",
  "types": [
    "text",
    "url",
    "email"
  ],
  "autoCorrectLanguage": "cs",
  "pages": {
    "main": {
      "layout": [
        "q w e r t y u i o p",
        "a s d f g h j k l '",
        "&#8682; z x c v b n m &#9003;",
        "?123 SWITCH SPACE . &#8629;"
      ]
    },
    "NUMBERS": "inherit",
    "SYMBOLS": "inherit"
  },
  "keys": {
    "a": {
      "alternatives": "á"
    },
    "c": {
      "alternatives": "č"
    },
    "d": {
      "alternatives": "ď"
    },
    "e": {
      "alternatives": "é ě"
    },
    "i": {
      "alternatives": "í"
    },
    "n": {
      "alternatives": "ň"
    },
    "o": {
      "alternatives": "ó"
    },
    "r": {
      "alternatives": "ř"
    },
    "s": {
      "alternatives": "š"
    },
    "t": {
      "alternatives": "ť"
    },
    "u": {
      "alternatives": "ú ů"
    },
    "y": {
      "alternatives": "ý"
    },
    "z": {
      "alternatives": "ž"
    }
  }
}