{
  "name": "German",
  "label": "Deutsch",
  "imEngine": "latin",
  "types": [
    "text",
    "url",
    "email"
  ],
  "autoCorrectLanguage": "de",
  "pages": {
    "main": {
      "layout": [
        "q w e r t z u i o p",
        "a s d f g h j k l '",
        "SHIFT y x c v b n m BACKSPACE",
        "?123 SWITCH SPACE . RETURN"
      ]
    },
    "NUMBERS": "inherit",
    "SYMBOLS": "inherit"
  },
  "keys": {
    "a": {
      "alternatives": "ä à á â ã å ā æ"
    },
    "c": {
      "alternatives": "ç ć č"
    },
    "e": {
      "alternatives": "è é ê ë ē €"
    },
    "i": {
      "alternatives": "ì í î ï ī"
    },
    "o": {
      "alternatives": "ö ò ó ô õ ō œ ø"
    },
    "u": {
      "alternatives": "ü ù ú û ū"
    },
    "s": {
      "alternatives": "ß ś š ş"
    },
    "S": {
      "alternatives": "Ś Š Ş"
    },
    "n": {
      "alternatives": "ń ñ ň"
    }
  }
}