{
  "name": "Greek",
  "label": "Ελληνικό",
  "imEngine": "latin",
  "types": [
    "text",
    "url",
    "email"
  ],
  "autoCorrectLanguage": "el",
  "pages": {
    "main": {
      "layout": [
        "; ς ε ρ τ υ θ ι ο π",
        "α σ δ φ γ η ξ κ λ '",
        "SHIFT ζ χ ψ ω β ν μ BACKSPACE",
        "?123 SWITCH SPACE . RETURN"
      ]
    },
    "NUMBERS": "inherit",
    "SYMBOLS": "inherit"
  },
  "keys": {
    "α": {
      "alternatives": "ά"
    },
    "ε": {
      "alternatives": "έ €"
    },
    "ω": {
      "alternatives": "ώ"
    },
    "ο": {
      "alternatives": "ό"
    },
    "Υ": {
      "alternatives": "Ύ Ϋ"
    },
    "υ": {
      "alternatives": "ύ ϋ ΰ"
    },
    "Ι": {
      "alternatives": "Ί Ϊ"
    },
    "ι": {
      "alternatives": "ί ϊ ΐ"
    },
    "η": {
      "alternatives": "ή"
    }
  }
}