{
  "name": "English - Dvorak",
  "label": "Dvorak",
  "imEngine": "latin",
  "types": [
    "text",
    "url",
    "email"
  ],
  "autoCorrectLanguage": "en_us",
  "pages": {
    "main": {
      "layout": [
        ", . p y f g c r l BACKSPACE",
        "a o e u i d h t n s",
        "SHIFT q j k x b m w v z",
        "?123 SWITCH SPACE . RETURN"
      ]
    },
    "NUMBERS": "inherit",
    "SYMBOLS": "inherit"
  },
  "keys": {
    "a": {
      "alternatives": "à á â ã ä å ā æ"
    },
    "c": {
      "alternatives": "ç ć č"
    },
    "e": {
      "alternatives": "è é ê ë ē €"
    },
    "i": {
      "alternatives": "ì í î ï ī"
    },
    "o": {
      "alternatives": "ò ó ô õ ö ō œ ø"
    },
    "u": {
      "alternatives": "ù ú û ü ū"
    },
    "s": {
      "alternatives": "ś š ş ß"
    },
    "S": {
      "alternatives": "Ś Š Ş"
    },
    "n": {
      "alternatives": "ń ñ ň"
    }
  }
}