{
  "name": "Korean",
  "label": "한국어",
  "imEngine": "jshangul",
  "types": [
    "text",
    "url",
    "email"
  ],
  "pages": {
    "main": {
      "layout": [
        "ㅂ ㅈ ㄷ ㄱ ㅅ ㅛ ㅕ ㅑ ㅐ ㅔ",
        "ㅁ ㄴ ㅇ ㄹ ㅎ ㅗ ㅓ ㅏ ㅣ",
        "SHIFT ㅋ ㅌ ㅊ ㅍ ㅠ ㅜ ㅡ BACKSPACE",
        "?123 SWITCH SPACE . RETURN"
      ],
      "variants": {
        "email": [
          "ㅂ ㅈ ㄷ ㄱ ㅅ ㅛ ㅕ ㅑ ㅐ ㅔ",
          "ㅁ ㄴ ㅇ ㄹ ㅎ ㅗ ㅓ ㅏ ㅣ _",
          "SHIFT ㅋ ㅌ ㅊ ㅍ ㅠ ㅜ ㅡ BACKSPACE",
          "?123 SWITCH @ SPACE . RETURN"
        ],
        "url": [
          "ㅂ ㅈ ㄷ ㄱ ㅅ ㅛ ㅕ ㅑ ㅐ ㅔ",
          "ㅁ ㄴ ㅇ ㄹ ㅎ ㅗ ㅓ ㅏ ㅣ :",
          "SHIFT ㅋ ㅌ ㅊ ㅍ ㅠ ㅜ ㅡ BACKSPACE",
          "?123 SWITCH SPACE . RETURN"
        ]
      }
    },
    "NUMBERS": "inherit",
    "SYMBOLS": "inherit"
  },
  "keys": {}
}