{
  "name": "Norwegian Bokmal",
  "label": "Norsk",
  "imEngine": "latin",
  "types": [
    "text",
    "url",
    "email"
  ],
  "autoCorrectLanguage": "nb",
  "pages": {
    "main": {
      "layout": [
        "q w e r t y u i o p å",
        "a s d f g h j k l ø æ",
        "SHIFT z x c v b n m BACKSPACE",
        "?123 SWITCH SPACE . RETURN"
      ]
    },
    "NUMBERS": "inherit",
    "SYMBOLS": "inherit"
  },
  "keys": {
    "a": {
      "alternatives": "ä á à â ą ã"
    },
    "e": {
      "alternatives": "é è ê ë ę €"
    },
    "i": {
      "alternatives": "í ì î ï"
    },
    "o": {
      "alternatives": "ö ó ò ô õ"
    },
    "u": {
      "alternatives": "ü ú ù û ū"
    },
    "s": {
      "alternatives": "ś š ş ß"
    },
    "S": {
      "alternatives": "Ś Š Ş"
    },
    "n": {
      "alternatives": "ń ñ ň"
    },
    "c": {
      "alternatives": "ç ć č"
    },
    "d": {
      "alternatives": "ð ď"
    },
    "r": {
      "alternatives": "ř"
    },
    "t": {
      "alternatives": "ť þ"
    },
    "z": {
      "alternatives": "ź ž ż"
    },
    "l": {
      "alternatives": "ł"
    },
    "v": {
      "alternatives": "w"
    },
    "æ": {
      "alternatives": "œ"
    }
  }
}