{
  "name": "Dutch",
  "label": "Nederlands",
  "imEngine": "latin",
  "types": [
    "text",
    "url",
    "email"
  ],
  "autoCorrectLanguage": "nl",
  "pages": {
    "main": {
      "layout": [
        "q w e r t y u i o p",
        "a s d f g h j k l",
        "SHIFT z x c v b n m BACKSPACE",
        "?123 SWITCH SPACE . RETURN"
      ],
      "variants": {
        "email": [
          "q w e r t y u i o p",
          "a s d f g h j k l _",
          "SHIFT z x c v b n m BACKSPACE",
          "?123 SWITCH @ SPACE . RETURN"
        ],
        "url": [
          "q w e r t y u i o p",
          "a s d f g h j k l :",
          "SHIFT z x c v b n m BACKSPACE",
          "?123 SWITCH SPACE . RETURN"
        ]
      }
    },
    "NUMBERS": "inherit",
    "SYMBOLS": "inherit"
  },
  "keys": {
    "a": {
      "alternatives": "á ä â à æ ã å ā"
    },
    "e": {
      "alternatives": "é ë ê è ę ė ē €"
    },
    "i": {
      "alternatives": "í ï ì î į ī ĳ"
    },
    "o": {
      "alternatives": "ó ô ö ò õ œ ø ō"
    },
    "u": {
      "alternatives": "ú û ü ù ū"
    },
    "s": {
      "alternatives": "$"
    },
    "n": {
      "alternatives": "ñ ń"
    },
    "l": {
      "alternatives": "£"
    },
    "y": {
      "alternatives": "ý ĳ ¥"
    },
    ".": {
      "alternatives": ", ? ! ; :"
    }
  }
}