{
  "name": "Polish",
  "label": "Polski",
  "imEngine": "latin",
  "types": [
    "text",
    "url",
    "email"
  ],
  "autoCorrectLanguage": "pl",
  "pages": {
    "main": {
      "layout": [
        "q w e r t y u i o p",
        "a s d f g h j k l :",
        "SHIFT z x c v b n m BACKSPACE",
        "?123 SWITCH SPACE . RETURN"
      ],
      "variants": {
        "email": [
          "q w e r t y u i o p",
          "a s d f g h j k l _",
          "SHIFT z x c v b n m BACKSPACE",
          "?123 SWITCH @ SPACE . RETURN"
        ]
      }
    },
    "NUMBERS": {
      "layout": [
        "1 2 3 4 5 6 7 8 9 0",
        "@ # $ % & * - + ( )",
        "ALT ! \" ' : ; / ? BACKSPACE",
        "ABC SWITCH SPACE . RETURN"
      ]
    },
    "SYMBOLS": "inherit"
  },
  "keys": {
    "a": {
      "alternatives": "ą á à â ä å ã ā æ"
    },
    "c": {
      "alternatives": "ć č ç"
    },
    "e": {
      "alternatives": "ę € é è ê ë ē"
    },
    "i": {
      "alternatives": "ï í ì î ī į"
    },
    "o": {
      "alternatives": "ó ö ò ô ō œ ø"
    },
    "u": {
      "alternatives": "ü ú ù û ū"
    },
    "s": {
      "alternatives": "ś š $ ß"
    },
    "S": {
      "alternatives": "Ś Š Ş"
    },
    "n": {
      "alternatives": "ń ñ"
    },
    "l": {
      "alternatives": "ł £"
    },
    "y": {
      "alternatives": "¥"
    },
    "z": {
      "alternatives": "ż ź ž"
    },
    ".": {
      "alternatives": "? ! … ,"
    },
    ",": {
      "alternatives": "„ ”"
    },
    ":": {
      "alternatives": "; - —"
    },
    "$": {
      "alternatives": "€ £ ¥"
    },
    "?": {
      "alternatives": "¿"
    },
    "!": {
      "alternatives": "¡"
    }
  }
}