{
  "name": "Portuguese",
  "label": "Português",
  "imEngine": "latin",
  "types": [
    "text",
    "url",
    "email"
  ],
  "autoCorrectLanguage": "pt_br",
  "pages": {
    "main": {
      "layout": [
        "q w e r t y u i o p",
        "a s d f g h j k l ç",
        "SHIFT z x c v b n m BACKSPACE",
        "?123 SWITCH SPACE . RETURN"
      ],
      "variants": {
        "email": [
          "q w e r t y u i o p",
          "a s d f g h j k l _",
          "SHIFT z x c v b n m BACKSPACE",
          "?123 SWITCH @ SPACE . RETURN"
        ],
        "url": [
          "q w e r t y u i o p",
          "a s d f g h j k l :",
          "SHIFT z x c v b n m BACKSPACE",
          "?123 SWITCH SPACE . RETURN"
        ]
      }
    },
    "NUMBERS": {
      "layout": [
        "1 2 3 4 5 6 7 8 9 0",
        "@ # R$ % & * - + ( )",
        "ALT ! \" ' : ; / ? BACKSPACE",
        "ABC SWITCH SPACE . RETURN"
      ]
    },
    "SYMBOLS": "inherit"
  },
  "keys": {
    "0": {
      "alternatives": "º"
    },
    "1": {
      "alternatives": "1º 1ª"
    },
    "2": {
      "alternatives": "2º 2ª"
    },
    "3": {
      "alternatives": "3º 3ª"
    },
    "4": {
      "alternatives": "4º 4ª"
    },
    "5": {
      "alternatives": "5º 5ª"
    },
    "6": {
      "alternatives": "6º 6ª"
    },
    "7": {
      "alternatives": "7º 7ª"
    },
    "8": {
      "alternatives": "8º 8ª"
    },
    "9": {
      "alternatives": "9º 9ª"
    },
    "a": {
      "alternatives": "á ã à â ä å æ ª"
    },
    "c": {
      "alternatives": "ç ć č"
    },
    "e": {
      "alternatives": "é ê è ę ė ē ë ɛ"
    },
    "i": {
      "alternatives": "í î ì ï į ī"
    },
    "o": {
      "alternatives": "ó õ ô ò ö œ ø ō ɵ"
    },
    "u": {
      "alternatives": "ú ü ù û ū"
    },
    "s": {
      "alternatives": "$ ß ś š"
    },
    "n": {
      "alternatives": "ñ ń"
    },
    "l": {
      "alternatives": "£ ł"
    },
    "y": {
      "alternatives": "¥ ÿ"
    },
    "z": {
      "alternatives": "ž ź ż"
    },
    "r": {
      "alternatives": "R$ "
    },
    ".": {
      "alternatives": ", ? ! ; :"
    },
    "R$": {
      "alternatives": "€ £ ¥ $"
    },
    "?": {
      "alternatives": "¿"
    },
    "!": {
      "alternatives": "¡"
    }
  }
}