{
  "name": "Serbian (Latin)",
  "label": "Srpski",
  "imEngine": "latin",
  "types": [
    "text",
    "url",
    "email"
  ],
  "autoCorrectLanguage": "sr-Latn",
  "pages": {
    "main": {
      "layout": [
        "q w e r t y u i o p",
        "a s d f g h j k l \"",
        "SHIFT z x c v b n m BACKSPACE",
        "?123 SWITCH SPACE . RETURN"
      ],
      "variants": {
        "email": [
          "q w e r t y u i o p",
          "a s d f g h j k l _",
          "SHIFT z x c v b n m BACKSPACE",
          "?123 SWITCH @ SPACE . RETURN"
        ],
        "url": [
          "q w e r t y u i o p",
          "a s d f g h j k l :",
          "SHIFT z x c v b n m BACKSPACE",
          "?123 SWITCH SPACE . RETURN"
        ]
      }
    },
    "NUMBERS": {
      "layout": [
        "1 2 3 4 5 6 7 8 9 0",
        "@ # $ % & * - + ( )",
        "ALT ! \" ' : ; / ? BACKSPACE",
        "ABC SWITCH SPACE . RETURN"
      ]
    },
    "SYMBOLS": "inherit"
  },
  "keys": {
    "0": {
      "alternatives": "º"
    },
    "c": {
      "alternatives": "č ć"
    },
    "d": {
      "alternatives": "đ"
    },
    "s": {
      "alternatives": "š"
    },
    "z": {
      "alternatives": "ž"
    },
    ".": {
      "alternatives": ", ? ! ; :"
    },
    "$": {
      "alternatives": "€ £ ¥"
    },
    "?": {
      "alternatives": "¿"
    },
    "!": {
      "alternatives": "¡"
    }
  }
}