{
  "name": "Turkish F",
  "label": "Türkçe F",
  "imEngine": "latin",
  "types": [
    "text",
    "url",
    "email"
  ],
  "autoCorrectLanguage": "tr",
  "pages": {
    "main": {
      "layout": [
        "f g ğ ı o d r n h p q w",
        "u i e a ü t k m l y ş x",
        "SHIFT j ö v c ç z s b BACKSPACE",
        "?123 SWITCH SPACE . RETURN"
      ]
    },
    "NUMBERS": "inherit",
    "SYMBOLS": "inherit"
  },
  "keys": {
    "d": {
      "alternatives": "¥"
    },
    "i": {
      "alternatives": "ß"
    },
    "f": {
      "alternatives": "@"
    },
    "j": {
      "alternatives": "«"
    },
    "ö": {
      "alternatives": "»"
    },
    "p": {
      "alternatives": "£"
    },
    "s": {
      "alternatives": "μ"
    },
    "v": {
      "alternatives": "¢"
    },
    "u": {
      "alternatives": "æ"
    },
    ".": {
      "alternatives": ", ? ! ; :"
    }
  }
}