{
  "name": "Turkish Q",
  "label": "Türkçe Q",
  "imEngine": "latin",
  "types": [
    "text",
    "url",
    "email"
  ],
  "autoCorrectLanguage": "tr",
  "pages": {
    "main": {
      "layout": [
        "q w e r t y u i o p",
        "a s d f g h j k l '",
        "SHIFT z x c v b n m BACKSPACE",
        "?123 SWITCH SPACE . RETURN"
      ]
    },
    "NUMBERS": "inherit",
    "SYMBOLS": "inherit"
  },
  "keys": {
    "a": {
      "alternatives": "â"
    },
    "c": {
      "alternatives": "ç ć č"
    },
    "g": {
      "alternatives": "ğ"
    },
    "i": {
      "alternatives": "ī į ı ì í î ï"
    },
    "İ": {
      "alternatives": "Ī Į I Ì Í Î Ï"
    },
    "s": {
      "alternatives": "ś š ş ß"
    },
    "S": {
      "alternatives": "Ś Š Ş"
    },
    "o": {
      "alternatives": "ò ó ô õ ö ō œ ø"
    },
    "u": {
      "alternatives": "ù ú û ü ū"
    }
  }
}